;target;prediction_target_1;metric_1
confOf_en#c-4940510-7116222;sigkdd_de#c-5541011-4485740;sigkdd_de#c-5541011-4485740;0.48668828758579796
confOf_en#c-8897779-7605019;sigkdd_de#c-3760592-8292146;sigkdd_de#c-3760592-8292146;0.4390271643051629
