;target;prediction_target_1;metric_1
confOf_en#c-6922761-6569068;sigkdd_de#c-2769827-8195865;sigkdd_de#c-3760592-8292146;1.2611342554460994
confOf_en#ent-4532930-2199897;sigkdd_de#ent-0138865-5902109;sigkdd_de#c-3760592-8292146;1.1790734684697242
confOf_en#c-3734266-2898610;sigkdd_de#c-6217268-0289211;sigkdd_de#c-3760592-8292146;0.8578239821353677
confOf_en#c-5307218-6000981;sigkdd_de#c-9282764-4133286;22-rdf-syntax-ns#type;1.29912986692168
confOf_en#c-6834280-4912416;sigkdd_de#c-1975722-3062538;sigkdd_de#c-3760592-8292146;1.2299339238133948
