;target;prediction_target_1;metric_1
confOf_en#c-6922761-6569068;iasted_de#c-2379893-4624688;_:B46f5c6a8X2Db8b4X2D441eX2Dbcc4X2D9254790ae0e5;1.256304959047528
confOf_en#c-5948332-3267518;iasted_de#c-1251407-2550325;iasted_de#c-5666659-9715348;0.9660044960262436
confOf_en#c-9890668-1988204;iasted_de#c-6959391-5712840;iasted_de#c-2903473-8446322;1.0291008031760311
