;target;prediction_target_1;metric_1
confOf_en#c-6922761-6569068;sigkdd_de#c-2769827-8195865;sigkdd_de#c-2769827-8195865;0.22745211906791873
confOf_en#c-4940510-7116222;sigkdd_de#c-5541011-4485740;sigkdd_de#c-3760592-8292146;0.32569629866959293
confOf_en#ent-4532930-2199897;sigkdd_de#ent-0138865-5902109;sigkdd_de#ent-0138865-5902109;0.2681194269326458
confOf_en#c-5307218-6000981;sigkdd_de#c-9282764-4133286;sigkdd_de#c-9282764-4133286;0.203473335521015
confOf_en#c-6834280-4912416;sigkdd_de#c-1975722-3062538;sigkdd_de#c-1975722-3062538;0.10796769136742178
