;target;prediction_target_1;metric_1
confOf_en#c-3734266-2898610;sigkdd_de#c-6217268-0289211;sigkdd_de#c-5541011-4485740;1.1039473536900102
confOf_en#c-8897779-7605019;sigkdd_de#c-3760592-8292146;sigkdd_de#ent-0138865-5902109;1.0883502167912378
