;target;prediction_target_1;metric_1
cmt_en#c-9519178-7885109;conference_de#c-2807153-3693543;conference_de#c-2807153-3693543;0.1362677801945245
cmt_en#op-8575895-0911006;conference_de#op-1945545-2946293;conference_de#op-1945545-2946293;0.4544457331565131
