;target;prediction_target_1;metric_1
conference_de#c-2807153-3693543;iasted_en#c-2396070-5020573;_:Bcbe99a35X2Dba29X2D4781X2Dbb82X2D88a80fd33494;0.7529250721989028
conference_de#c-2852856-4092117;iasted_en#c-7587641-3301519;iasted_en#c-4700670-6960019;1.1352223888522097
conference_de#c-6041715-6986615;iasted_en#c-1873801-1221522;iasted_en#c-0887025-3124194;0.9993207629432687
conference_de#c-7096317-3412127;iasted_en#c-7464317-0926432;_:B55f6d0b4X2D9aa3X2D4c75X2Db33fX2Dca9e16ba6a32;1.130976320037488
conference_de#c-1479504-0321675;iasted_en#c-2297379-6540044;_:Bcbe99a35X2Dba29X2D4781X2Dbb82X2D88a80fd33494;1.095590528421811
conference_de#c-1308924-1537645;iasted_en#c-3686523-4526492;iasted_en#c-4700670-6960019;0.7525394811957246
conference_de#c-1450635-6067268;iasted_en#c-6088495-8861567;iasted_en#c-2174181-3520068;1.1170260186056278
conference_de#c-9365621-4628022;iasted_en#c-2980826-1784096;_:Bcbe99a35X2Dba29X2D4781X2Dbb82X2D88a80fd33494;0.9845443751222492
conference_de#c-7521012-9493261;iasted_en#c-0201298-3231355;_:Bcbe99a35X2Dba29X2D4781X2Dbb82X2D88a80fd33494;0.921550116576301
