;target;prediction_target_1;metric_1
conference_de#c-2365620-6793184;iasted_en#c-2174181-3520068;iasted_en#c-2174181-3520068;0.17737823180777756
conference_de#c-2731220-6600456;iasted_en#c-0887025-3124194;iasted_en#c-0887025-3124194;0.18484782580934406
conference_de#op-5642484-4870984;iasted_en#op-1301961-3228494;iasted_en#op-1301961-3228494;0.7275881795071055
conference_de#c-2883309-0508630;iasted_en#c-4700670-6960019;iasted_en#c-4700670-6960019;0.3559834464665953
conference_de#c-6508590-8109709;iasted_en#c-4646685-6576496;iasted_en#c-4646685-6576496;0.16035768026245073
