;target;prediction_target_1;metric_1
conference_de#c-2731220-6600456;iasted_en#c-0887025-3124194;iasted_en#c-0201298-3231355;1.0885413348246897
conference_de#c-1308924-1537645;iasted_en#c-3686523-4526492;iasted_en#c-4700670-6960019;0.7814265068914767
