;target;prediction_target_1;metric_1
conference_en#c-7255821-5359025;confOf_de#c-6031375-0881001;confOf_de#ent-9875824-2357826;0.8949661925281124
conference_en#c-2446635-7449628;confOf_de#c-8403504-7828299;confOf_de#op-9873670-8357831;1.0894894937526804
conference_en#c-3746645-9598977;confOf_de#c-0553488-4726167;confOf_de#c-3756950-6271891;0.8982112590903844
conference_en#c-6525918-2089133;confOf_de#c-2683474-6183904;confOf_de#c-8182861-6425712;1.0219922545054543
conference_en#c-5732310-8306083;confOf_de#c-5598437-4596711;confOf_de#c-3756950-6271891;1.0102331797517776
