;target;prediction_target_1;metric_1
conference_de#c-3040625-6424461;sigkdd_en#c-4512427-8358882;sigkdd_en#c-4512427-8358882;0.15892300615730467
conference_de#c-8195847-6754106;sigkdd_en#c-5937062-8520809;sigkdd_en#c-5937062-8520809;0.21016959545575928
conference_de#c-7096317-3412127;sigkdd_en#c-3967774-8138616;sigkdd_en#c-3967774-8138616;0.0586176384089813
