;target;prediction_target_1;metric_1
cmt_en#c-9519178-7885109;iasted_de#c-2379893-4624688;iasted_de#c-2379893-4624688;0.044554874479929577
cmt_en#c-8707801-9291338;iasted_de#c-4015742-9338748;iasted_de#c-4015742-9338748;0.04454103399245503
