;target;prediction_target_1;metric_1
cmt_en#c-2074692-1147118;iasted_de#c-6456542-4680337;iasted_de#c-4015742-9338748;0.7999183306468954
cmt_en#c-6029021-0998116;iasted_de#c-9964978-6784653;iasted_de#c-4015742-9338748;1.0796830251356908
