;target;prediction_target_1;metric_1
cmt_de#c-0277212-8406046;sigkdd_en#c-3705916-7930602;sigkdd_en#c-4448805-6156000;1.2282757388470025
cmt_de#c-4872876-3932965;sigkdd_en#c-4408098-5910124;sigkdd_en#c-6792972-5439604;1.2875475282278697
cmt_de#c-5356419-0853732;sigkdd_en#c-5268789-8381535;sigkdd_en#op-4524643-0591579;1.2851830231407129
cmt_de#ent-4152612-5306614;sigkdd_en#ent-6795922-7675825;owl#Thing;1.1919197317154053
cmt_de#c-3554876-1135672;sigkdd_en#c-5937062-8520809;sigkdd_en#c-4448805-6156000;1.0175156897345294
cmt_de#c-7606498-1774261;sigkdd_en#c-7287097-6354392;sigkdd_en#c-2170683-2078960;1.2669993337647167
cmt_de#c-7511748-5827387;sigkdd_en#c-4834530-8825541;person;1.2453092430241905
cmt_de#op-5588430-7223994;sigkdd_en#op-4588680-8309474;sigkdd_en#c-4448805-6156000;1.249759912602217
cmt_de#c-9804348-4921383;sigkdd_en#c-6792972-5439604;sigkdd_en#c-4448805-6156000;1.2610558906830678
