;target;prediction_target_1;metric_1
iasted_en#c-8889798-1079873;sigkdd_de#c-7808089-4928984;sigkdd_de#c-5850113-5122819;0.7016559421413394
iasted_en#c-7464317-0926432;sigkdd_de#c-9302905-7296086;sigkdd_de#c-9302905-7296086;0.13255826578036647
iasted_en#c-0409829-5411561;sigkdd_de#c-5524974-3116937;sigkdd_de#c-5524974-3116937;0.2861515713708918
iasted_en#c-3433144-4931823;sigkdd_de#c-5850113-5122819;sigkdd_de#c-5850113-5122819;0.4709899696238492
iasted_en#c-3686523-4526492;sigkdd_de#c-9038315-6127488;sigkdd_de#c-9038315-6127488;0.38468541484975144
iasted_en#c-3390147-9518013;sigkdd_de#c-7753839-9560987;sigkdd_de#c-7753839-9560987;0.7089853002759372
iasted_en#c-3110153-2691987;sigkdd_de#c-7203961-8308851;sigkdd_de#c-7203961-8308851;0.2873929587261181
iasted_en#c-4700670-6960019;sigkdd_de#c-4711434-5769445;sigkdd_de#c-4711434-5769445;0.13101864917588557
