;target;prediction_target_1;metric_1
iasted_en#c-3616860-0256541;sigkdd_de#c-1670757-7005751;sigkdd_de#op-0836929-5233701;1.23105766260709
iasted_en#c-4646685-6576496;sigkdd_de#c-6469555-3746715;sigkdd_de#c-4711434-5769445;1.1551635815216834
iasted_en#c-9595802-8962494;sigkdd_de#c-3867058-2838516;sigkdd_de#c-9302905-7296086;1.0647952872179167
iasted_en#c-9677685-8341994;sigkdd_de#c-3477390-2381487;registrierungskosten;1.3164545350333372
iasted_en#c-7587641-3301519;sigkdd_de#c-6217268-0289211;sigkdd_de#c-4711434-5769445;1.0734881829298453
iasted_en#c-0995110-2084431;sigkdd_de#c-7783492-1910067;sigkdd_de#c-7753839-9560987;1.0321762192208435
iasted_en#c-2396070-5020573;sigkdd_de#c-2769827-8195865;owl#inverseOf;1.2341325233754654
