;target;prediction_target_1;metric_1
cmt_en#c-3027646-3365825;conference_de#c-5694210-3113803;conference_de#c-3560304-9366401;0.39442679944542397
cmt_en#c-1611583-0668331;conference_de#c-6828546-9901709;conference_de#c-3560304-9366401;0.9779940414896819
cmt_en#c-9519178-7885109;conference_de#c-2807153-3693543;conference_de#c-1308924-1537645;1.0326715604433376
cmt_en#ent-1648737-1451089;conference_de#ent-5299945-7988874;_:B31d26565X2D312aX2D4568X2Dba6cX2D75bb2db065cb;0.9694341627455874
cmt_en#op-8575895-0911006;conference_de#op-1945545-2946293;conference_de#op-4621167-8649272;1.0205229930724913
cmt_en#c-6029021-0998116;conference_de#c-6508590-8109709;conference_de#c-0369442-7501730;0.9537629863517169
cmt_en#c-3969637-3563037;conference_de#c-4756237-0913680;_:B31d26565X2D312aX2D4568X2Dba6cX2D75bb2db065cb;0.9517443097526953
cmt_en#c-0430420-0075813;conference_de#c-1810344-8487780;conference_de#c-6600254-2450629;0.2606833064782118
