;target;prediction_target_1;metric_1
cmt_en#c-2074692-1147118;conference_de#c-2852856-4092117;conference_de#c-2852856-4092117;0.24391347474299746
cmt_en#c-1819859-8467443;conference_de#c-1178842-2732173;conference_de#c-9185334-5782431;0.7069265430263224
cmt_en#c-0430420-0075813;conference_de#c-6600254-2450629;conference_de#c-6600254-2450629;0.2606833064782118
cmt_en#c-8693270-2767092;conference_de#c-7521012-9493261;conference_de#c-7521012-9493261;0.3955511423820128
cmt_en#c-3027646-3365825;conference_de#c-3560304-9366401;conference_de#c-3560304-9366401;0.39442679944542397
cmt_en#c-5375467-1655905;conference_de#c-8195847-6754106;conference_de#c-8195847-6754106;0.30357231516740657
cmt_en#c-3387453-2881212;conference_de#c-7158328-5483937;conference_de#c-7158328-5483937;0.41459103902163175
cmt_en#op-2798366-1946309;conference_de#op-4621167-8649272;conference_de#op-4621167-8649272;0.9803182317813891
