;target;prediction_target_1;metric_1
cmt_de#c-7914897-1988765;confOf_en#c-5307218-6000981;confOf_en#c-5307218-6000981;0.014041031867319299
cmt_de#c-0277212-8406046;confOf_en#c-1804480-3618243;confOf_en#c-1804480-3618243;0.014860044949655914
