;target;prediction_target_1;metric_1
cmt_de#ent-4152612-5306614;conference_en#ent-4516568-5595755;conference_en#c-2446635-7449628;0.7207878281048291
cmt_de#c-3386094-8929437;conference_en#c-9312690-4124149;conference_en#c-3013589-3595599;1.0967334037764418
cmt_de#c-2036030-6478102;conference_en#c-2974852-3474918;_:Bbe40a211X2Df3e7X2D4a3eX2Db5caX2D08a14e0b86bc;1.1204372989272635
cmt_de#c-3554876-1135672;conference_en#c-7121259-3662514;conference_en#c-3013589-3595599;0.9580553754265264
cmt_de#op-8350630-9441009;conference_en#op-3595853-4712760;conference_en#op-3595853-4712760;0.9091225967914749
