;target;prediction_target_1;metric_1
conference_en#c-0975007-5643450;iasted_de#c-6456542-4680337;iasted_de#c-4201911-2867499;1.0809226215474144
conference_en#c-1481587-3387008;iasted_de#c-4122268-3045249;iasted_de#c-4247837-9825706;0.9090947681270576
conference_en#c-0949358-2763718;iasted_de#c-6959391-5712840;iasted_de#c-4201911-2867499;1.1020201213190763
conference_en#op-8498965-3154119;iasted_de#op-5817020-0959926;_:Bf2a36c2cX2D4554X2D4c44X2D87b1X2Dce2b0c8f42ae;1.2643967582744402
conference_en#c-3417170-2349351;iasted_de#c-1912201-3885408;iasted_de#c-4201911-2867499;0.43738347944353073
conference_en#c-2974852-3474918;iasted_de#c-9964978-6784653;iasted_de#c-4015742-9338748;1.04184953694628
conference_en#c-9609595-3810460;iasted_de#c-2372932-6696619;iasted_de#c-2379893-4624688;0.9821143536737872
conference_en#c-9312690-4124149;iasted_de#c-5379764-4238098;iasted_de#c-2379893-4624688;0.9965278535208204
