;target;prediction_target_1;metric_1
conference_en#c-4101654-3843816;iasted_de#c-4015742-9338748;iasted_de#c-4015742-9338748;0.2851276714638045
conference_en#c-0845815-7069476;iasted_de#c-4247837-9825706;iasted_de#c-4247837-9825706;0.20044498448020892
conference_en#c-6525918-2089133;iasted_de#c-2379893-4624688;iasted_de#c-2379893-4624688;0.24580538008255443
conference_en#c-9453090-9458986;iasted_de#c-6062149-5112025;iasted_de#c-6062149-5112025;0.4206644675486641
conference_en#c-5623276-9536395;iasted_de#c-4201911-2867499;iasted_de#c-4201911-2867499;0.14648155592955545
conference_en#c-9170184-4807203;iasted_de#c-1608626-3325967;_:Bf41eaa1fX2D9a5bX2D467cX2Da751X2Dbd81049d0ffd;0.9069797004979471
