;target;prediction_target_1;metric_1
conference_en#c-6525918-2089133;iasted_de#c-2379893-4624688;iasted_de#c-5379764-4238098;0.9657237652700409
conference_en#c-9453090-9458986;iasted_de#c-6062149-5112025;_:B4f5dc51fX2DdecbX2D4e4eX2D8dacX2Dc9e289e42ebe;1.1615177488183899
conference_en#c-2974852-3474918;iasted_de#c-9964978-6784653;iasted_de#c-4122268-3045249;0.9427028485330345
