;target;prediction_target_1;metric_1
cmt_en#c-5409377-9286012;sigkdd_de#c-1975722-3062538;_:B05688920X2Db33dX2D4dfaX2D8c11X2D79e7433ff1fc;1.1028762563526078
cmt_en#c-4062369-5383392;sigkdd_de#c-5541011-4485740;sigkdd_de#c-6217268-0289211;0.7784805478684939
cmt_en#c-8693270-2767092;sigkdd_de#c-6140019-6453251;_:Be2d8902cX2Dc7e5X2D4be1X2Db1deX2Da90f641a60d1;1.2807583686746178
cmt_en#ent-1648737-1451089;sigkdd_de#ent-0138865-5902109;den;1.1336749607705405
cmt_en#c-6029021-0998116;sigkdd_de#c-6469555-3746715;sigkdd_de#op-2222974-4946181;1.078363053937609
cmt_en#c-5375467-1655905;sigkdd_de#c-1052931-1641701;sigkdd_de#c-9282764-4133286;1.0840689749533055
cmt_en#c-6062733-3218604;sigkdd_de#c-3760592-8292146;sigkdd_de#c-6217268-0289211;0.7556298659042946
cmt_en#c-9519178-7885109;sigkdd_de#c-2769827-8195865;sigkdd_de#op-2222974-4946181;1.1933994385747466
