;target;prediction_target_1;metric_1
cmt_en#c-3027646-3365825;sigkdd_de#c-9282764-4133286;sigkdd_de#c-9282764-4133286;0.06855747764683841
cmt_en#c-2079829-2275666;sigkdd_de#c-7606899-8734332;sigkdd_de#c-7606899-8734332;0.37858283752287525
cmt_en#c-2074692-1147118;sigkdd_de#c-6217268-0289211;sigkdd_de#c-6217268-0289211;0.3213934481624305
cmt_en#op-4706944-2787728;sigkdd_de#op-7778495-5250855;sigkdd_de#op-7778495-5250855;0.48063976809023856
