;target;prediction_target_1;metric_1
cmt_en#c-9519178-7885109;conference_de#c-2807153-3693543;conference_de#c-1810344-8487780;1.0532698462800074
cmt_en#c-0430420-0075813;conference_de#c-1810344-8487780;conference_de#c-6600254-2450629;0.5835783572522392
cmt_en#op-2798366-1946309;conference_de#op-4621167-8649272;conference_de#c-2883309-0508630;1.0593554364835385
