;target;prediction_target_1;metric_1
conference_de#c-8237344-7989230;confOf_en#c-8729640-0951717;confOf_en#c-8729640-0951717;0.21513901357711168
conference_de#ent-5299945-7988874;confOf_en#ent-4532930-2199897;confOf_en#ent-4532930-2199897;0.9132819998658712
conference_de#c-1859422-0439299;confOf_en#c-2124079-9413007;confOf_en#c-2124079-9413007;0.18657708733664577
conference_de#c-2734491-0275940;confOf_en#c-2402287-2880350;confOf_en#c-2402287-2880350;0.7380821369896877
conference_de#c-5236249-1093814;confOf_en#c-4855691-2375415;confOf_en#c-4855691-2375415;0.3335427377847127
conference_de#c-0369442-7501730;confOf_en#c-6834280-4912416;confOf_en#c-6834280-4912416;0.25907605358191715
conference_de#c-2807153-3693543;confOf_en#c-6922761-6569068;confOf_en#c-6922761-6569068;0.2623344345568189
conference_de#c-8115832-0092831;confOf_en#c-1804480-3618243;confOf_en#c-1804480-3618243;0.14512484992469685
conference_de#op-4737759-4638811;confOf_en#op-8030807-5984904;confOf_en#op-8030807-5984904;0.4478805348725226
