;target;prediction_target_1;metric_1
conference_de#c-4756237-0913680;confOf_en#c-4888780-4443103;confOf_en#c-5307218-6000981;1.1848920272161352
conference_de#c-1479504-0321675;confOf_en#c-9890668-1988204;confOf_en#c-4855691-2375415;0.8653419662934521
conference_de#c-5694210-3113803;confOf_en#c-5307218-6000981;confOf_en#c-6922761-6569068;1.1275014874291251
conference_de#c-2852856-4092117;confOf_en#c-3734266-2898610;confOf_en#c-8729640-0951717;0.7809540234243424
conference_de#ent-4771576-9028029;confOf_en#ent-8227140-2506031;confOf_en#op-8030807-5984904;0.8403307732250189
conference_de#ent-3965541-6558239;confOf_en#ent-1716167-5904495;confOf_en#op-8030807-5984904;0.9593693518407458
