;target;prediction_target_1;metric_1
conference_en#c-5450625-9274279;confOf_de#c-2472530-7442299;confOf_de#c-4345951-5264002;0.9466450200284143
conference_en#ent-4516568-5595755;confOf_de#ent-7472904-1496645;confOf_de#ent-0303881-5975791;0.6626629754323773
conference_en#c-8279198-9011918;confOf_de#c-3756950-6271891;confOf_de#c-0553488-4726167;0.8400078435257723
conference_en#c-2446635-7449628;confOf_de#c-8403504-7828299;confOf_de#c-6031375-0881001;1.1563059396291655
conference_en#c-8376732-6542959;confOf_de#c-7620981-0130792;confOf_de#c-8182861-6425712;1.0456462540238325
conference_en#c-6525918-2089133;confOf_de#c-2683474-6183904;confOf_de#c-2463275-9197848;0.9585541598792651
conference_en#c-5732310-8306083;confOf_de#c-5598437-4596711;confOf_de#c-0553488-4726167;1.0960450763893375
conference_en#c-0949358-2763718;confOf_de#c-2463275-9197848;confOf_de#c-8182861-6425712;0.7948276674806809
conference_en#op-6979143-6235556;confOf_de#op-4302120-7233512;confOf_de#ent-0303881-5975791;0.9042641112862903
