;target;prediction_target_1;metric_1
conference_en#c-7255821-5359025;confOf_de#c-6031375-0881001;confOf_de#c-6031375-0881001;0.5303839029229606
conference_en#c-3746645-9598977;confOf_de#c-0553488-4726167;confOf_de#c-0553488-4726167;0.10775216241041136
conference_en#c-4444483-2447834;confOf_de#c-8182861-6425712;confOf_de#c-8182861-6425712;0.13504036712495396
conference_en#c-0975007-5643450;confOf_de#c-4345951-5264002;confOf_de#c-4345951-5264002;0.12609012348664855
conference_en#ent-9588809-0668690;confOf_de#ent-9875824-2357826;confOf_de#ent-9875824-2357826;0.5862196251272779
conference_en#ent-8856556-5729357;confOf_de#ent-0303881-5975791;confOf_de#ent-0303881-5975791;0.44778320350463224
