;target;prediction_target_1;metric_1
conference_de#c-3040625-6424461;sigkdd_en#c-4512427-8358882;sigkdd_en#c-4512427-8358882;0.40030530405607534
conference_de#op-1806324-3972847;sigkdd_en#op-4778648-3039012;sigkdd_en#op-4778648-3039012;0.19223587407397308
conference_de#c-7096317-3412127;sigkdd_en#c-3967774-8138616;sigkdd_en#c-3967774-8138616;0.19896489899811182
conference_de#ent-5299945-7988874;sigkdd_en#ent-6795922-7675825;sigkdd_en#c-3967774-8138616;0.5867918793293669
conference_de#c-1521137-1761392;sigkdd_en#c-2288341-0956338;hall;0.24293750372824494
