;target;prediction_target_1;metric_1
cmt_en#c-3969637-3563037;confOf_de#c-8403504-7828299;confOf_de#c-8403504-7828299;0.635281639628414
cmt_en#c-9519178-7885109;confOf_de#c-2683474-6183904;confOf_de#c-2683474-6183904;0.1453200163592663
cmt_en#c-5409377-9286012;confOf_de#c-5598437-4596711;confOf_de#c-5598437-4596711;0.17460783194472956
cmt_en#ent-1648737-1451089;confOf_de#ent-7472904-1496645;confOf_de#ent-7472904-1496645;0.7651419193969361
