;target;prediction_target_1;metric_1
conference_de#c-7521012-9493261;sigkdd_en#c-4448805-6156000;sigkdd_en#c-4448805-6156000;0.0764811397339488
conference_de#c-9625814-4995879;sigkdd_en#c-4956507-8354862;sigkdd_en#c-4956507-8354862;0.28195951054826074
