;target;prediction_target_1;metric_1
conference_de#c-2852856-4092117;sigkdd_en#c-4834530-8825541;sigkdd_en#c-4834530-8825541;0.12231644602844573
conference_de#c-6508590-8109709;sigkdd_en#c-3661201-8652994;owl#ObjectProperty;0.9645305691685963
conference_de#c-8195847-6754106;sigkdd_en#c-5937062-8520809;sigkdd_en#ent-5985310-3715518;0.6609624242866714
conference_de#c-5694210-3113803;sigkdd_en#c-5031073-5159430;sigkdd_en#c-5031073-5159430;0.22727260906739072
conference_de#c-7096317-3412127;sigkdd_en#c-3967774-8138616;sigkdd_en#c-3967774-8138616;0.3910910473470407
conference_de#c-9625814-4995879;sigkdd_en#c-4956507-8354862;sigkdd_en#c-4956507-8354862;0.36760468570874677
conference_de#op-6034483-9201945;sigkdd_en#op-5101248-3088535;sigkdd_en#op-5101248-3088535;0.33076142755196136
