;target;prediction_target_1;metric_1
conference_de#c-6600254-2450629;sigkdd_en#c-7357680-6909888;rdf-schema#subClassOf;1.1576886449116461
conference_de#c-3040625-6424461;sigkdd_en#c-4512427-8358882;sigkdd_en#c-4834530-8825541;0.7941759202366507
conference_de#op-1806324-3972847;sigkdd_en#op-4778648-3039012;sigkdd_en#op-5101248-3088535;0.3879801024923732
conference_de#ent-5299945-7988874;sigkdd_en#ent-6795922-7675825;sigkdd_en#c-3967774-8138616;0.4129571926710583
conference_de#c-0369442-7501730;sigkdd_en#c-3705916-7930602;sigkdd_en#op-5788630-0787234;1.136353204316394
conference_de#c-1521137-1761392;sigkdd_en#c-2288341-0956338;sigkdd_en#ent-5985310-3715518;0.8716736038538507
conference_de#c-7521012-9493261;sigkdd_en#c-4448805-6156000;sigkdd_en#op-5101248-3088535;1.08545182401665
conference_de#c-2807153-3693543;sigkdd_en#c-6792972-5439604;sigkdd_en#c-4448805-6156000;1.1290492317481555
