;target;prediction_target_1;metric_1
cmt_en#op-8575895-0911006;conference_de#op-1945545-2946293;conference_de#op-1945545-2946293;0.012837927246952922
cmt_en#c-5375467-1655905;conference_de#c-8195847-6754106;conference_de#c-8195847-6754106;0.003418933831207394
