;target;prediction_target_1;metric_1
confOf_en#c-4184138-3261067;iasted_de#c-9753371-0023373;iasted_de#c-1251407-2550325;1.1572454470737557
confOf_en#c-9180297-9494437;iasted_de#c-5921217-1214579;iasted_de#c-2903473-8446322;0.7118608492752884
