;target;prediction_target_1;metric_1
conference_de#op-1806324-3972847;sigkdd_en#op-4778648-3039012;sigkdd_en#op-4778648-3039012;0.22120208692619314
conference_de#c-6508590-8109709;sigkdd_en#c-3661201-8652994;sigkdd_en#ent-6795922-7675825;0.87615247758003
conference_de#c-8195847-6754106;sigkdd_en#c-5937062-8520809;sigkdd_en#ent-5985310-3715518;0.693207072711557
conference_de#c-5694210-3113803;sigkdd_en#c-5031073-5159430;sigkdd_en#c-5031073-5159430;0.36317670740677876
conference_de#c-7521012-9493261;sigkdd_en#c-4448805-6156000;sigkdd_en#c-4448805-6156000;0.39094189304644594
conference_de#c-2807153-3693543;sigkdd_en#c-6792972-5439604;sigkdd_en#c-6792972-5439604;0.3632537911838057
conference_de#c-9625814-4995879;sigkdd_en#c-4956507-8354862;sigkdd_en#c-4956507-8354862;0.26404750659531406
