;target;prediction_target_1;metric_1
conference_de#c-6600254-2450629;sigkdd_en#c-7357680-6909888;sigkdd_en#op-4778648-3039012;1.0445519706192006
conference_de#c-3040625-6424461;sigkdd_en#c-4512427-8358882;sigkdd_en#c-0410372-0876754;1.1480066230651849
conference_de#c-2852856-4092117;sigkdd_en#c-4834530-8825541;sigkdd_en#op-4778648-3039012;1.245649870518243
conference_de#c-7096317-3412127;sigkdd_en#c-3967774-8138616;_:B0d6fd086X2D40acX2D4ebbX2Da726X2Da1f92bc06ac2;1.0998102131647536
conference_de#ent-5299945-7988874;sigkdd_en#ent-6795922-7675825;sigkdd_en#c-1350325-0780321;1.139864721350753
conference_de#c-0369442-7501730;sigkdd_en#c-3705916-7930602;sigkdd_en#c-4448805-6156000;1.1242471618108771
conference_de#c-1521137-1761392;sigkdd_en#c-2288341-0956338;sigkdd_en#c-7092519-9239674;0.8722499217506857
conference_de#op-6034483-9201945;sigkdd_en#op-5101248-3088535;sigkdd_en#op-4778648-3039012;0.327520596268691
