;target;prediction_target_1;metric_1
cmt_de#op-7761501-2770581;confOf_en#op-6734207-8272486;confOf_en#op-6734207-8272486;0.27494708128699363
cmt_de#c-7221579-7498183;confOf_en#c-4888780-4443103;confOf_en#c-4888780-4443103;0.5475550517846974
cmt_de#op-3382350-0510939;confOf_en#op-1921350-5090826;confOf_en#op-1921350-5090826;0.32265831274940376
