;target;prediction_target_1;metric_1
cmt_en#c-2074692-1147118;iasted_de#c-6456542-4680337;iasted_de#c-4015742-9338748;0.7762842344109303
cmt_en#c-9519178-7885109;iasted_de#c-2379893-4624688;iasted_de#c-9964978-6784653;1.1466450563014832
