;target;prediction_target_1;metric_1
cmt_en#c-6029021-0998116;iasted_de#c-9964978-6784653;iasted_de#c-9964978-6784653;0.3173256710781332
cmt_en#c-8707801-9291338;iasted_de#c-4015742-9338748;iasted_de#c-4015742-9338748;0.265031357311413
