;target;prediction_target_1;metric_1
confOf_en#c-4184138-3261067;iasted_de#c-9753371-0023373;iasted_de#c-9753371-0023373;0.2890384307492616
confOf_en#c-3734266-2898610;iasted_de#c-6456542-4680337;iasted_de#c-6456542-4680337;0.21881992656662727
confOf_en#c-6922761-6569068;iasted_de#c-2379893-4624688;iasted_de#c-2379893-4624688;0.24853532996918068
confOf_en#c-9180297-9494437;iasted_de#c-5921217-1214579;iasted_de#c-5921217-1214579;0.24246747421400128
confOf_en#c-5404723-6232359;iasted_de#c-2743144-1626551;iasted_de#c-2743144-1626551;0.3495269180462462
confOf_en#c-5851222-7607068;iasted_de#c-2903473-8446322;iasted_de#c-2903473-8446322;0.34507248715770616
confOf_en#c-5948332-3267518;iasted_de#c-1251407-2550325;iasted_de#c-1251407-2550325;0.25326698907419726
confOf_en#c-3748486-8385244;iasted_de#c-5666659-9715348;iasted_de#c-5666659-9715348;0.22151984705004105
