;target;prediction_target_1;metric_1
cmt_de#op-7761501-2770581;confOf_en#op-6734207-8272486;confOf_en#op-6734207-8272486;0.32631341423124366
cmt_de#c-7511748-5827387;confOf_en#c-3734266-2898610;confOf_en#c-3734266-2898610;0.5927420375806798
cmt_de#c-7606498-1774261;confOf_en#c-8897779-7605019;confOf_en#c-8897779-7605019;0.3727199880759759
cmt_de#ent-7525433-8535515;confOf_en#ent-4646280-6521925;confOf_en#ent-4646280-6521925;0.2319566147190401
cmt_de#c-7221579-7498183;confOf_en#c-4888780-4443103;confOf_en#c-4888780-4443103;0.6408846835153972
cmt_de#op-9131907-0871491;confOf_en#op-6508666-4665772;confOf_en#op-6508666-4665772;0.4784496932373738
cmt_de#c-7914897-1988765;confOf_en#c-5307218-6000981;confOf_en#c-5307218-6000981;0.14642398257080086
cmt_de#c-4872876-3932965;confOf_en#c-4940510-7116222;confOf_en#c-4940510-7116222;0.5247665002565012
cmt_de#c-9804348-4921383;confOf_en#c-6922761-6569068;confOf_en#c-6922761-6569068;0.0916208836460861
