;target;prediction_target_1;metric_1
cmt_de#c-8082317-4346619;confOf_en#c-7155976-8510258;confOf_en#c-4940510-7116222;0.6430458683183817
cmt_de#c-2600954-3812137;confOf_en#c-5904090-2937490;confOf_en#c-3734266-2898610;0.8077429182926189
cmt_de#c-1253837-4887221;confOf_en#c-6834280-4912416;confOf_en#ent-4646280-6521925;0.8976488786400267
cmt_de#op-3382350-0510939;confOf_en#op-1921350-5090826;confOf_en#op-6734207-8272486;1.008454122766244
cmt_de#op-3286624-6409948;confOf_en#op-8176347-7547891;confOf_en#ent-4646280-6521925;0.33690560987654744
cmt_de#c-0277212-8406046;confOf_en#c-1804480-3618243;confOf_en#ent-4646280-6521925;0.9918454537044938
cmt_de#ent-4152612-5306614;confOf_en#ent-4532930-2199897;confOf_en#c-4888780-4443103;0.8735957304354464
