;target;prediction_target_1;metric_1
iasted_de#c-9964978-6784653;sigkdd_en#c-3661201-8652994;sigkdd_en#c-8570424-4038182;1.0646319677512581
iasted_de#c-4201911-2867499;sigkdd_en#c-1214605-4064522;sigkdd_en#c-8570424-4038182;1.1534044509800616
iasted_de#c-2379893-4624688;sigkdd_en#c-6792972-5439604;owl#inverseOf;1.279441415729282
