;target;prediction_target_1;metric_1
conference_en#c-0513615-7095489;sigkdd_de#c-6985541-3131901;sigkdd_de#c-1975722-3062538;0.7832418719514229
conference_en#c-4444483-2447834;sigkdd_de#c-9282764-4133286;sigkdd_de#c-2769827-8195865;1.0657477587451198
conference_en#op-0316178-5626069;sigkdd_de#op-0836929-5233701;sigkdd_de#op-2955099-2207630;0.560406719115305
