;target;prediction_target_1;metric_1
confOf_en#c-4940510-7116222;sigkdd_de#c-5541011-4485740;sigkdd_de#c-1463146-3958561;1.1739528534936714
confOf_en#ent-4532930-2199897;sigkdd_de#ent-0138865-5902109;sigkdd_de#c-7606899-8734332;1.1738715391144605
confOf_en#c-3734266-2898610;sigkdd_de#c-6217268-0289211;sigkdd_de#c-7606899-8734332;1.2038706047883272
confOf_en#c-5307218-6000981;sigkdd_de#c-9282764-4133286;owl#someValuesFrom;1.3720121308518352
