;target;prediction_target_1;metric_1
confOf_de#c-8959319-1033837;iasted_en#c-6174362-9247294;iasted_en#c-0579327-2823478;1.1727505773410234
confOf_de#c-4345951-5264002;iasted_en#c-7587641-3301519;iasted_en#c-0579327-2823478;1.1810666663953742
confOf_de#c-2683474-6183904;iasted_en#c-2396070-5020573;_:B1265f161X2D3aedX2D4d06X2D89a2X2D02f0ad94cece;1.211493356429944
confOf_de#c-1165971-3665910;iasted_en#c-9193120-6084737;iasted_en#c-6699217-8827140;0.5335934483165289
confOf_de#c-1803256-3977939;iasted_en#c-5688901-6766233;iasted_en#c-0579327-2823478;0.9243940500095779
confOf_de#c-2463275-9197848;iasted_en#c-2297379-6540044;iasted_en#c-0999620-6234504;1.034062341843572
