;target;prediction_target_1;metric_1
confOf_en#c-3734266-2898610;sigkdd_de#c-6217268-0289211;sigkdd_de#c-5541011-4485740;1.0714875986331818
confOf_en#c-5307218-6000981;sigkdd_de#c-9282764-4133286;sigkdd_de#c-1975722-3062538;1.2108625634885077
