;target;prediction_target_1;metric_1
conference_en#ent-4516568-5595755;confOf_de#ent-7472904-1496645;confOf_de#ent-9875824-2357826;0.8358814831732202
conference_en#c-2446635-7449628;confOf_de#c-8403504-7828299;confOf_de#c-6031375-0881001;1.010346648770117
conference_en#c-5732310-8306083;confOf_de#c-5598437-4596711;confOf_de#c-3756950-6271891;1.0642048404177606
conference_en#op-6979143-6235556;confOf_de#op-4302120-7233512;confOf_de#op-9878680-0383531;0.9825252179541463
