;target;prediction_target_1;metric_1
confOf_en#c-6922761-6569068;sigkdd_de#c-2769827-8195865;sigkdd_de#c-4711434-5769445;1.2659886370543985
confOf_en#c-4940510-7116222;sigkdd_de#c-5541011-4485740;sigkdd_de#c-1975722-3062538;1.2080567221665959
confOf_en#ent-4532930-2199897;sigkdd_de#ent-0138865-5902109;sigkdd_de#c-6217268-0289211;1.2512148950476567
confOf_en#c-5307218-6000981;sigkdd_de#c-9282764-4133286;sigkdd_de#op-5726044-8910848;1.1966767459258658
confOf_en#c-8897779-7605019;sigkdd_de#c-3760592-8292146;sigkdd_de#c-6217268-0289211;0.9991686686247203
