;target;prediction_target_1;metric_1
confOf_en#c-3734266-2898610;sigkdd_de#c-6217268-0289211;sigkdd_de#c-6217268-0289211;0.17652709557309104
confOf_en#c-6834280-4912416;sigkdd_de#c-1975722-3062538;sigkdd_de#c-1975722-3062538;0.1897861148839852
