;target;prediction_target_1;metric_1
cmt_en#c-6062733-3218604;confOf_de#c-0977717-2950137;confOf_de#c-4439571-8274936;0.7917045723223691
cmt_en#c-3027646-3365825;confOf_de#c-8182861-6425712;confOf_de#c-2472530-7442299;1.2153679663200856
