;target;prediction_target_1;metric_1
sigkdd_de#c-5850113-5122819;sigkdd_en#c-4402529-2023643;sigkdd_en#c-4402529-2023643;0.39454666737335115
sigkdd_de#op-6914055-1852287;sigkdd_en#op-0893463-6791984;sigkdd_en#op-0893463-6791984;0.38754972691526773
sigkdd_de#c-4711434-5769445;sigkdd_en#c-8570424-4038182;sigkdd_en#c-8570424-4038182;0.3564700558736358
sigkdd_de#ent-3304226-6226138;sigkdd_en#ent-5258086-9094070;sigkdd_en#ent-2375537-3899257;0.41748423470508456
sigkdd_de#op-2375848-3510341;sigkdd_en#op-4440329-9009612;sigkdd_en#op-4440329-9009612;0.3354307372413893
sigkdd_de#c-9302905-7296086;sigkdd_en#c-3967774-8138616;sigkdd_en#c-3967774-8138616;0.37208934898485796
sigkdd_de#c-6541109-1088286;sigkdd_en#c-7092519-9239674;sigkdd_en#c-4402529-2023643;0.366931452563082
