;target;prediction_target_1;metric_1
conference_en#c-9453090-9458986;iasted_de#c-6062149-5112025;_:B153b1dcdX2D3e7aX2D4280X2Dad34X2D06e89310d0c9;0.9422222912686347
conference_en#c-0949358-2763718;iasted_de#c-6959391-5712840;iasted_de#c-3423268-2368119;1.129091156298718
conference_en#c-3417170-2349351;iasted_de#c-1912201-3885408;iasted_de#c-4201911-2867499;0.495573150164325
conference_en#c-2974852-3474918;iasted_de#c-9964978-6784653;iasted_de#op-5817020-0959926;1.0160273615730544
conference_en#c-9609595-3810460;iasted_de#c-2372932-6696619;iasted_de#c-2379893-4624688;1.0199596581083537
conference_en#c-9312690-4124149;iasted_de#c-5379764-4238098;iasted_de#c-2379893-4624688;0.9297089343807068
