;target;prediction_target_1;metric_1
conference_en#c-4101654-3843816;iasted_de#c-4015742-9338748;iasted_de#c-4015742-9338748;0.48528818255393663
conference_en#c-0845815-7069476;iasted_de#c-4247837-9825706;iasted_de#c-4247837-9825706;0.2147508511666913
conference_en#c-6525918-2089133;iasted_de#c-2379893-4624688;iasted_de#c-2379893-4624688;0.2811098732660883
conference_en#c-0975007-5643450;iasted_de#c-6456542-4680337;iasted_de#c-6456542-4680337;0.5000278428524169
conference_en#c-1481587-3387008;iasted_de#c-4122268-3045249;iasted_de#c-4122268-3045249;0.46583641187276814
conference_en#op-8498965-3154119;iasted_de#op-5817020-0959926;iasted_de#op-5817020-0959926;0.6793414015443678
conference_en#c-5623276-9536395;iasted_de#c-4201911-2867499;iasted_de#c-4201911-2867499;0.2533034524628435
conference_en#c-9170184-4807203;iasted_de#c-1608626-3325967;iasted_de#op-5594678-1842613;1.007470145138097
