;target;prediction_target_1;metric_1
conference_de#c-2852856-4092117;iasted_en#c-7587641-3301519;iasted_en#c-3686523-4526492;0.860193306893115
conference_de#op-5642484-4870984;iasted_en#op-1301961-3228494;_:B35aba9b4X2D5bbcX2D4d3aX2D8d69X2D654ca9079a43;1.1283675236480055
conference_de#c-2883309-0508630;iasted_en#c-4700670-6960019;iasted_en#c-3686523-4526492;0.6333577738372185
