;target;prediction_target_1;metric_1
cmt_en#c-3027646-3365825;conference_de#c-5694210-3113803;conference_de#c-5694210-3113803;0.596982406748024
cmt_en#c-3387453-2881212;conference_de#c-7158328-5483937;_:Be39df792X2D7793X2D4fc9X2Da5c4X2D6261d5accf1c;1.0058044499451828
cmt_en#c-3969637-3563037;conference_de#c-4756237-0913680;conference_de#c-2734491-0275940;0.9847125287815828
