;target;prediction_target_1;metric_1
iasted_en#c-4646685-6576496;sigkdd_de#c-6469555-3746715;sigkdd_de#c-6469555-3746715;0.16052355144712044
iasted_en#c-7464317-0926432;sigkdd_de#c-9302905-7296086;sigkdd_de#c-9302905-7296086;0.01382086286406848
