;target;prediction_target_1;metric_1
conference_de#c-1859422-0439299;confOf_en#c-2124079-9413007;confOf_en#c-6834280-4912416;0.8241305348508233
conference_de#c-4756237-0913680;confOf_en#c-4888780-4443103;confOf_en#op-1921350-5090826;1.0966803416069195
conference_de#c-2807153-3693543;confOf_en#c-6922761-6569068;confOf_en#c-5307218-6000981;0.9794781795506364
conference_de#c-8115832-0092831;confOf_en#c-1804480-3618243;confOf_en#c-8729640-0951717;1.0462348273621531
