;target;prediction_target_1;metric_1
conference_de#c-2365620-6793184;iasted_en#c-2174181-3520068;iasted_en#c-2174181-3520068;0.09869353379067734
conference_de#c-2807153-3693543;iasted_en#c-2396070-5020573;iasted_en#c-2396070-5020573;0.20386114833541333
conference_de#c-6508590-8109709;iasted_en#c-4646685-6576496;iasted_en#c-4646685-6576496;0.249172014324395
