;target;prediction_target_1;metric_1
cmt_de#op-7761501-2770581;confOf_en#op-6734207-8272486;confOf_en#op-6734207-8272486;0.21722981324425483
cmt_de#c-2600954-3812137;confOf_en#c-5904090-2937490;confOf_en#c-5904090-2937490;0.08569978502971067
cmt_de#op-9131907-0871491;confOf_en#op-6508666-4665772;confOf_en#op-6508666-4665772;0.13117977627373215
cmt_de#op-3382350-0510939;confOf_en#op-1921350-5090826;confOf_en#op-1921350-5090826;0.22615864818835862
