;target;prediction_target_1;metric_1
cmt_en#c-3027646-3365825;conference_de#c-5694210-3113803;conference_de#c-3560304-9366401;0.5347820962520604
cmt_en#c-9519178-7885109;conference_de#c-2807153-3693543;conference_de#c-2493179-8478854;1.1025402963384112
