;target;prediction_target_1;metric_1
confOf_de#c-8959319-1033837;iasted_en#c-6174362-9247294;iasted_en#c-3478123-7266885;1.2815031961076608
confOf_de#c-4345951-5264002;iasted_en#c-7587641-3301519;_:B7567cd82X2D5643X2D407fX2D8793X2D123834a6b88b;1.310540866302896
confOf_de#c-2683474-6183904;iasted_en#c-2396070-5020573;_:B4427856dX2Dbcd4X2D40a0X2D87bcX2D507cc4d349e7;1.2530432229442234
confOf_de#c-1001355-3418487;iasted_en#c-6699217-8827140;iasted_en#c-2297379-6540044;0.9555516325286921
confOf_de#c-1165971-3665910;iasted_en#c-9193120-6084737;iasted_en#c-2297379-6540044;0.8953160807324222
confOf_de#c-1803256-3977939;iasted_en#c-5688901-6766233;_:B7c3a4088X2D2609X2D47b6X2D9257X2Da7d4c44ea25d;1.3286182193968983
confOf_de#c-0652717-7598825;iasted_en#c-0579327-2823478;_:Be6cecde0X2D6044X2D4cabX2D81d5X2D1889b5ab7076;1.2523161098315156
