;target;prediction_target_1;metric_1
confOf_de#c-4532133-5374065;iasted_en#c-0999620-6234504;iasted_en#c-0999620-6234504;0.21804539058028843
confOf_de#c-2463275-9197848;iasted_en#c-2297379-6540044;iasted_en#c-2297379-6540044;0.2638475223813103
