;target;prediction_target_1;metric_1
cmt_de#c-6476451-2581059;conference_en#c-3013589-3595599;conference_en#c-3013589-3595599;0.16336129944592312
cmt_de#c-7511748-5827387;conference_en#c-0975007-5643450;conference_en#c-0975007-5643450;0.2809323423213667
cmt_de#c-9804348-4921383;conference_en#c-6525918-2089133;conference_en#c-6525918-2089133;0.1878527940186685
cmt_de#c-8450582-0542304;conference_en#c-0513615-7095489;conference_en#c-0513615-7095489;0.17473137859823468
cmt_de#c-7221579-7498183;conference_en#c-2446635-7449628;conference_en#c-2446635-7449628;0.33693851741811914
