;target;prediction_target_1;metric_1
conference_en#c-5623276-9536395;iasted_de#c-4201911-2867499;iasted_de#c-1912201-3885408;0.5442897476044348
conference_en#c-9170184-4807203;iasted_de#c-1608626-3325967;iasted_de#c-2372932-6696619;0.8147053999822885
conference_en#c-2974852-3474918;iasted_de#c-9964978-6784653;iasted_de#c-4122268-3045249;0.962236827528879
conference_en#c-9312690-4124149;iasted_de#c-5379764-4238098;iasted_de#c-4122268-3045249;0.9069087580389894
