;target;prediction_target_1;metric_1
confOf_en#c-4184138-3261067;iasted_de#c-9753371-0023373;iasted_de#op-4066971-7163841;1.2417227866657816
confOf_en#c-3734266-2898610;iasted_de#c-6456542-4680337;iasted_de#c-1251407-2550325;1.2873791038355666
confOf_en#c-6922761-6569068;iasted_de#c-2379893-4624688;iasted_de#c-8276198-4462254;1.2759207633389555
confOf_en#c-9180297-9494437;iasted_de#c-5921217-1214579;iasted_de#op-9745870-2817977;1.2901474801385335
confOf_en#c-5404723-6232359;iasted_de#c-2743144-1626551;_:B71a7ce2cX2Dd822X2D448cX2Dac3aX2D1e67367fe44f;1.2818014107028077
confOf_en#c-5851222-7607068;iasted_de#c-2903473-8446322;rdf-schema#label;1.2835937476633879
confOf_en#c-5948332-3267518;iasted_de#c-1251407-2550325;iasted_de#op-7507979-4687368;1.281623319078464
confOf_en#c-9890668-1988204;iasted_de#c-6959391-5712840;iasted_de#c-1988002-0717362;1.288755752439449
confOf_en#c-3748486-8385244;iasted_de#c-5666659-9715348;_:B2a0b0481X2D3876X2D4b58X2D9e66X2D653d08870f39;1.3152568694434639
