;target;prediction_target_1;metric_1
cmt_en#c-3027646-3365825;sigkdd_de#c-9282764-4133286;sigkdd_de#c-2769827-8195865;1.273220142465286
cmt_en#c-5409377-9286012;sigkdd_de#c-1975722-3062538;sigkdd_de#op-7778495-5250855;1.1853044719522952
cmt_en#c-4062369-5383392;sigkdd_de#c-5541011-4485740;sigkdd_de#c-3760592-8292146;1.0153040945271334
cmt_en#c-8693270-2767092;sigkdd_de#c-6140019-6453251;sigkdd_de#c-2769827-8195865;1.166532000506007
cmt_en#ent-1648737-1451089;sigkdd_de#ent-0138865-5902109;sigkdd_de#c-7808089-4928984;1.1416477420454925
cmt_en#c-6029021-0998116;sigkdd_de#c-6469555-3746715;sigkdd_de#c-2769827-8195865;1.1104480217643002
cmt_en#c-5375467-1655905;sigkdd_de#c-1052931-1641701;sigkdd_de#c-2769827-8195865;1.1062357016444653
cmt_en#c-6062733-3218604;sigkdd_de#c-3760592-8292146;sigkdd_de#c-7606899-8734332;0.8242742167359001
cmt_en#c-2074692-1147118;sigkdd_de#c-6217268-0289211;sigkdd_de#c-7606899-8734332;0.8886126088678608
