;target;prediction_target_1;metric_1
cmt_en#c-2079829-2275666;sigkdd_de#c-7606899-8734332;sigkdd_de#c-7606899-8734332;0.45163809004011213
cmt_en#op-4706944-2787728;sigkdd_de#op-7778495-5250855;sigkdd_de#op-7778495-5250855;0.12579370103356785
cmt_en#c-9519178-7885109;sigkdd_de#c-2769827-8195865;sigkdd_de#c-2769827-8195865;0.09995447631100801
