;target;prediction_target_1;metric_1
conference_en#ent-4516568-5595755;confOf_de#ent-7472904-1496645;confOf_de#ent-7472904-1496645;0.6284597271748825
conference_en#c-7255821-5359025;confOf_de#c-6031375-0881001;confOf_de#c-6031375-0881001;0.6392854070863416
conference_en#c-5732310-8306083;confOf_de#c-5598437-4596711;confOf_de#c-5598437-4596711;0.13004716970465147
