;target;prediction_target_1;metric_1
cmt_en#c-3027646-3365825;conference_de#c-5694210-3113803;conference_de#c-5694210-3113803;0.18651246374465658
cmt_en#c-8693270-2767092;conference_de#c-7521012-9493261;conference_de#c-7521012-9493261;0.24542528536938496
cmt_en#c-3387453-2881212;conference_de#c-7158328-5483937;conference_de#c-7158328-5483937;0.3064512216786694
