;target;prediction_target_1;metric_1
cmt_de#c-5403940-4193578;conference_en#c-8170886-3522509;conference_en#c-0975007-5643450;0.4125780758923457
cmt_de#c-8450582-0542304;conference_en#c-0513615-7095489;conference_en#c-1432286-4789153;0.13485844161131746
cmt_de#c-2036030-6478102;conference_en#c-2974852-3474918;_:Be4529edcX2Df4bdX2D43ebX2Da24eX2Df656cb114696;1.0498033991131253
cmt_de#c-3554876-1135672;conference_en#c-7121259-3662514;conference_en#c-3013589-3595599;1.0477220055915455
cmt_de#c-7221579-7498183;conference_en#c-2446635-7449628;conference_en#c-7255821-5359025;0.7707700094454025
cmt_de#op-8350630-9441009;conference_en#op-3595853-4712760;conference_en#op-8925105-7780939;0.9265330051916361
