;target;prediction_target_1;metric_1
cmt_de#c-3554876-1135672;conference_en#c-7121259-3662514;conference_en#c-9312690-4124149;1.0037973515695724
cmt_de#c-5403940-4193578;conference_en#c-8170886-3522509;conference_en#c-5790368-3331445;1.1328679100783683
cmt_de#c-6476451-2581059;conference_en#c-3013589-3595599;conference_en#c-9312690-4124149;1.0036614413089384
cmt_de#c-7511748-5827387;conference_en#c-0975007-5643450;conference_en#c-4401355-0431935;1.1177539628529904
cmt_de#c-7914897-1988765;conference_en#c-4444483-2447834;conference_en#c-2523530-3328853;1.2158016036365091
cmt_de#c-7914897-1988765;conference_en#c-0918067-8070827;conference_en#c-2523530-3328853;1.2158016036365091
