;target;prediction_target_1;metric_1
cmt_de#c-7511748-5827387;iasted_en#c-7587641-3301519;_:B6cb81956X2D7fa7X2D45ddX2D9ba1X2D1fb27b608e15;1.2936115468481033
cmt_de#c-9804348-4921383;iasted_en#c-2396070-5020573;_:B7d87df0fX2D8a0eX2D4f1bX2D84acX2Df4d6acad0199;1.2575694014598446
cmt_de#c-5062955-9564132;iasted_en#c-2174181-3520068;iasted_en#c-3859730-3648319;1.2731607973363475
