;target;prediction_target_1;metric_1
conference_de#c-1308924-1537645;iasted_en#c-3686523-4526492;iasted_en#c-3686523-4526492;0.2885880733317851
conference_de#c-2883309-0508630;iasted_en#c-4700670-6960019;iasted_en#c-4700670-6960019;0.3077136079589676
conference_de#c-1450635-6067268;iasted_en#c-6088495-8861567;iasted_en#c-6088495-8861567;0.25123483207389513
conference_de#c-6508590-8109709;iasted_en#c-4646685-6576496;iasted_en#c-4646685-6576496;0.31112829858913515
