;target;prediction_target_1;metric_1
conference_en#c-9453090-9458986;sigkdd_de#c-9302905-7296086;sigkdd_de#c-9302905-7296086;0.5005887866724757
conference_en#ent-4516568-5595755;sigkdd_de#ent-0138865-5902109;sigkdd_de#ent-3892449-0313636;0.691388037538269
conference_en#c-7081035-6117083;sigkdd_de#c-0094164-6634357;sigkdd_de#c-0094164-6634357;0.33496569646627844
