;target;prediction_target_1;metric_1
conference_de#c-1859422-0439299;confOf_en#c-2124079-9413007;confOf_en#c-2124079-9413007;0.16858462806351315
conference_de#c-2734491-0275940;confOf_en#c-2402287-2880350;confOf_en#c-2402287-2880350;0.5908428176163629
conference_de#c-0369442-7501730;confOf_en#c-6834280-4912416;confOf_en#c-6834280-4912416;0.24112443726450108
conference_de#c-2807153-3693543;confOf_en#c-6922761-6569068;confOf_en#c-6922761-6569068;0.12732043821008196
conference_de#c-1479504-0321675;confOf_en#c-9890668-1988204;confOf_en#c-9890668-1988204;0.2032576754237093
