;target;prediction_target_1;metric_1
cmt_en#c-6062733-3218604;confOf_de#c-0977717-2950137;confOf_de#c-0977717-2950137;0.3569819612178232
cmt_en#c-3969637-3563037;confOf_de#c-8403504-7828299;confOf_de#c-8403504-7828299;0.7310978725320046
cmt_en#c-4413043-1523228;confOf_de#c-0553488-4726167;confOf_de#c-0553488-4726167;0.15632753268213845
cmt_en#c-3027646-3365825;confOf_de#c-8182861-6425712;confOf_de#c-8182861-6425712;0.1219810810310646
cmt_en#c-4062369-5383392;confOf_de#c-4439571-8274936;confOf_de#c-4439571-8274936;0.17802386059787045
cmt_en#ent-1648737-1451089;confOf_de#ent-7472904-1496645;confOf_de#ent-7472904-1496645;0.8646942113343393
