;target;prediction_target_1;metric_1
conference_en#c-0153241-8442178;sigkdd_de#c-0695531-5412063;sigkdd_de#c-0695531-5412063;0.13845517878701277
conference_en#c-3746645-9598977;sigkdd_de#c-1975722-3062538;sigkdd_de#c-1975722-3062538;0.06620047282396688
