;target;prediction_target_1;metric_1
conference_en#c-6525918-2089133;iasted_de#c-2379893-4624688;iasted_de#c-2379893-4624688;0.004203644034618615
conference_en#op-8498965-3154119;iasted_de#op-5817020-0959926;iasted_de#op-5817020-0959926;0.011087056697928423
