;target;prediction_target_1;metric_1
conference_de#c-2807153-3693543;iasted_en#c-2396070-5020573;iasted_en#c-4700670-6960019;0.9200649964997855
conference_de#c-2852856-4092117;iasted_en#c-7587641-3301519;_:B4081da79X2Dca05X2D4f10X2D8fe7X2D0e3e69b12b95;1.0766711159926063
conference_de#c-1308924-1537645;iasted_en#c-3686523-4526492;iasted_en#c-4700670-6960019;0.8879153675141706
conference_de#c-9365621-4628022;iasted_en#c-2980826-1784096;iasted_en#c-4646685-6576496;1.0559644946946931
