;target;prediction_target_1;metric_1
cmt_de#c-4872876-3932965;sigkdd_en#c-4408098-5910124;sigkdd_en#c-4408098-5910124;0.1592857323934934
cmt_de#c-3554876-1135672;sigkdd_en#c-5937062-8520809;starting;0.788747663697917
cmt_de#op-5588430-7223994;sigkdd_en#op-4588680-8309474;sigkdd_en#op-4588680-8309474;0.17700154325505837
cmt_de#c-9804348-4921383;sigkdd_en#c-6792972-5439604;sigkdd_en#c-6792972-5439604;0.12083126657852378
