;target;prediction_target_1;metric_1
cmt_de#c-7914897-1988765;sigkdd_en#c-5031073-5159430;owl#Ontology;1.2546740690795632
cmt_de#c-0277212-8406046;sigkdd_en#c-3705916-7930602;sigkdd_en#op-4588680-8309474;1.2062873097353728
cmt_de#c-3386094-8929437;sigkdd_en#c-4448805-6156000;sigkdd_en#op-5788630-0787234;1.2166735688201542
cmt_de#c-5356419-0853732;sigkdd_en#c-5268789-8381535;sigkdd_en#c-4408098-5910124;0.7942374690666285
cmt_de#ent-4152612-5306614;sigkdd_en#ent-6795922-7675825;sigkdd_en#c-3800373-8198658;1.2208777594316613
cmt_de#c-2036030-6478102;sigkdd_en#c-3661201-8652994;sigkdd_en#op-5788630-0787234;1.1995408451472376
cmt_de#c-7606498-1774261;sigkdd_en#c-7287097-6354392;sigkdd_en#c-4408098-5910124;0.5475125661915698
cmt_de#c-7511748-5827387;sigkdd_en#c-4834530-8825541;sigkdd_en#c-4408098-5910124;0.5188122934089099
