;target;prediction_target_1;metric_1
cmt_en#c-5409377-9286012;sigkdd_de#c-1975722-3062538;sigkdd_de#op-6914055-1852287;1.08024534280752
cmt_en#c-2074692-1147118;sigkdd_de#c-6217268-0289211;sigkdd_de#c-6801077-9660974;0.5732734147625386
