;target;prediction_target_1;metric_1
conference_en#c-8376732-6542959;confOf_de#c-7620981-0130792;confOf_de#c-7620981-0130792;0.12849793407687068
conference_en#op-6979143-6235556;confOf_de#op-4302120-7233512;confOf_de#op-4302120-7233512;0.44389283405402047
conference_en#ent-9588809-0668690;confOf_de#ent-9875824-2357826;confOf_de#ent-9875824-2357826;0.4579952070763155
