;target;prediction_target_1;metric_1
cmt_en#c-8066557-3199962;confOf_de#c-4973711-7358267;confOf_de#c-4345951-5264002;0.8499317356778173
cmt_en#c-3355504-9442806;confOf_de#c-3286368-6722233;confOf_de#c-4345951-5264002;0.942432321500546
cmt_en#op-7452997-4133095;confOf_de#op-9873670-8357831;confOf_de#op-4508989-0566286;0.8377236713693786
cmt_en#c-4062369-5383392;confOf_de#c-4439571-8274936;confOf_de#c-0977717-2950137;0.6482746503826008
