;target;prediction_target_1;metric_1
conference_de#ent-5299945-7988874;confOf_en#ent-4532930-2199897;confOf_en#ent-4532930-2199897;0.48574738315339955
conference_de#c-1859422-0439299;confOf_en#c-2124079-9413007;confOf_en#c-2124079-9413007;0.16685653304210385
conference_de#c-0369442-7501730;confOf_en#c-6834280-4912416;confOf_en#c-6834280-4912416;0.22322095777102172
