;target;prediction_target_1;metric_1
confOf_en#c-6922761-6569068;sigkdd_de#c-2769827-8195865;sigkdd_de#c-9038315-6127488;1.2759684356463588
confOf_en#ent-4532930-2199897;sigkdd_de#ent-0138865-5902109;_:B108427b5X2D705fX2D4e22X2Dac8dX2D5cc20d2c3821;1.273783531019657
confOf_en#c-5307218-6000981;sigkdd_de#c-9282764-4133286;sigkdd_de#c-3867058-2838516;1.3082375305489078
confOf_en#c-8897779-7605019;sigkdd_de#c-3760592-8292146;sigkdd_de#c-9038315-6127488;1.226536416121334
confOf_en#c-6834280-4912416;sigkdd_de#c-1975722-3062538;sigkdd_de#c-7958316-3629503;1.2099308525487134
