;target;prediction_target_1;metric_1
confOf_en#c-4184138-3261067;iasted_de#c-9753371-0023373;iasted_de#c-1251407-2550325;1.1946787410728852
confOf_en#c-3734266-2898610;iasted_de#c-6456542-4680337;_:B977f4d0eX2D9f8bX2D4c40X2Db788X2D2a7e36f42c22;1.2279063810946889
confOf_en#c-5404723-6232359;iasted_de#c-2743144-1626551;iasted_de#c-5921217-1214579;1.0466208159691475
