;target;prediction_target_1;metric_1
confOf_en#c-6922761-6569068;iasted_de#c-2379893-4624688;iasted_de#c-2379893-4624688;0.10143277824540001
confOf_en#c-9180297-9494437;iasted_de#c-5921217-1214579;iasted_de#c-5921217-1214579;0.3130169421278472
confOf_en#c-5851222-7607068;iasted_de#c-2903473-8446322;iasted_de#c-2903473-8446322;0.37070733624809693
confOf_en#c-5948332-3267518;iasted_de#c-1251407-2550325;iasted_de#c-1251407-2550325;0.27838627791388165
confOf_en#c-9890668-1988204;iasted_de#c-6959391-5712840;iasted_de#c-6959391-5712840;0.3566169033541954
confOf_en#c-3748486-8385244;iasted_de#c-5666659-9715348;iasted_de#c-5666659-9715348;0.14641844693983763
