;target;prediction_target_1;metric_1
cmt_de#c-7914897-1988765;sigkdd_en#c-5031073-5159430;program;1.287471838383056
cmt_de#c-3386094-8929437;sigkdd_en#c-4448805-6156000;_:B2b350f9eX2D59a8X2D4642X2D8719X2D7bbdaea4b914;1.1385879258195177
cmt_de#c-2036030-6478102;sigkdd_en#c-3661201-8652994;_:B2b350f9eX2D59a8X2D4642X2D8719X2D7bbdaea4b914;1.1391250013991814
cmt_de#c-3554876-1135672;sigkdd_en#c-5937062-8520809;_:Bf5daa302X2D17fdX2D409aX2Db23dX2D696421514fbc;1.0839441919840866
cmt_de#c-7511748-5827387;sigkdd_en#c-4834530-8825541;sigkdd_en#c-7287097-6354392;0.5302435770773336
