;target;prediction_target_1;metric_1
cmt_de#c-2600954-3812137;confOf_en#c-5904090-2937490;confOf_en#c-1546212-3884536;0.8947658043615611
cmt_de#ent-7525433-8535515;confOf_en#ent-4646280-6521925;confOf_en#op-8176347-7547891;0.40370351227749207
