;target;prediction_target_1;metric_1
cmt_en#c-4062369-5383392;sigkdd_de#c-5541011-4485740;sigkdd_de#c-3760592-8292146;0.46827806783888676
cmt_en#c-8693270-2767092;sigkdd_de#c-6140019-6453251;sigkdd_de#c-5524974-3116937;1.2614887133230868
cmt_en#c-2079829-2275666;sigkdd_de#c-7606899-8734332;sigkdd_de#c-7606899-8734332;0.8344687952123305
cmt_en#ent-1648737-1451089;sigkdd_de#ent-0138865-5902109;registrierungsbeitrag;1.1311919826179366
cmt_en#c-6029021-0998116;sigkdd_de#c-6469555-3746715;sigkdd_de#c-1975722-3062538;0.9575110837644331
cmt_en#c-5375467-1655905;sigkdd_de#c-1052931-1641701;sigkdd_de#c-9282764-4133286;1.07248395873922
cmt_en#c-2074692-1147118;sigkdd_de#c-6217268-0289211;sigkdd_de#c-3760592-8292146;0.6368596583884814
cmt_en#op-4706944-2787728;sigkdd_de#op-7778495-5250855;sigkdd_de#c-1975722-3062538;1.1398542398079623
cmt_en#c-9519178-7885109;sigkdd_de#c-2769827-8195865;sigkdd_de#c-7606899-8734332;1.238540885740558
