;target;prediction_target_1;metric_1
confOf_de#c-2683474-6183904;sigkdd_en#c-6792972-5439604;sigkdd_en#c-6792972-5439604;0.10585500242869213
confOf_de#c-4439571-8274936;sigkdd_en#c-4408098-5910124;sigkdd_en#c-4408098-5910124;0.41178757602993543
confOf_de#c-4345951-5264002;sigkdd_en#c-4834530-8825541;sigkdd_en#c-4834530-8825541;0.25962641015036575
confOf_de#c-8182861-6425712;sigkdd_en#c-5031073-5159430;sigkdd_en#c-5031073-5159430;0.24671962362964003
confOf_de#c-0977717-2950137;sigkdd_en#c-7287097-6354392;sigkdd_en#c-7287097-6354392;0.5075789827437737
confOf_de#c-0553488-4726167;sigkdd_en#c-3705916-7930602;sigkdd_en#c-3705916-7930602;0.2634785690927248
