;target;prediction_target_1;metric_1
cmt_de#c-3554876-1135672;sigkdd_en#c-5937062-8520809;being;0.5569185864764419
cmt_de#c-7606498-1774261;sigkdd_en#c-7287097-6354392;sigkdd_en#c-7287097-6354392;0.5329171138709691
cmt_de#c-7511748-5827387;sigkdd_en#c-4834530-8825541;sigkdd_en#c-4834530-8825541;0.4613616728163247
cmt_de#op-5588430-7223994;sigkdd_en#op-4588680-8309474;sigkdd_en#op-4588680-8309474;0.44858247635681087
