;target;prediction_target_1;metric_1
cmt_de#c-7914897-1988765;sigkdd_en#c-5031073-5159430;sigkdd_en#c-5937062-8520809;1.1999803492545382
cmt_de#c-0277212-8406046;sigkdd_en#c-3705916-7930602;_:B18378a62X2Df78fX2D4159X2Da6a5X2D7fcbaeb077c6;1.1996950411249465
cmt_de#c-4872876-3932965;sigkdd_en#c-4408098-5910124;sigkdd_en#c-4834530-8825541;0.8411505354291583
cmt_de#c-3386094-8929437;sigkdd_en#c-4448805-6156000;sigkdd_en#ent-0035096-2402503;1.119476336623883
cmt_de#c-5356419-0853732;sigkdd_en#c-5268789-8381535;sigkdd_en#c-7287097-6354392;0.7282577552328986
cmt_de#ent-4152612-5306614;sigkdd_en#ent-6795922-7675825;sigkdd_en#c-6722062-3545965;1.1544517443427653
cmt_de#c-2036030-6478102;sigkdd_en#c-3661201-8652994;sigkdd_en#op-4588680-8309474;1.1963652703394156
cmt_de#c-9804348-4921383;sigkdd_en#c-6792972-5439604;sigkdd_en#c-5937062-8520809;1.2372164495903237
