;target;prediction_target_1;metric_1
confOf_de#c-8959319-1033837;iasted_en#c-6174362-9247294;_:B3dd65a1eX2Dc940X2D43c5X2D9187X2D840438e08557;1.2966800784488888
confOf_de#c-2683474-6183904;iasted_en#c-2396070-5020573;_:B9f06030cX2Dc33eX2D4533X2Dbd11X2Dcc43a3e950fc;1.27414414515807
confOf_de#c-1165971-3665910;iasted_en#c-9193120-6084737;iasted_en#c-6699217-8827140;0.6105351832392356
confOf_de#c-1803256-3977939;iasted_en#c-5688901-6766233;iasted_en#c-7587641-3301519;1.1799572762057682
confOf_de#c-0652717-7598825;iasted_en#c-0579327-2823478;iasted_en#c-7587641-3301519;1.1359318316081728
