;target;prediction_target_1;metric_1
confOf_de#c-4345951-5264002;iasted_en#c-7587641-3301519;iasted_en#c-7587641-3301519;0.1977782288357116
confOf_de#c-1001355-3418487;iasted_en#c-6699217-8827140;iasted_en#c-6699217-8827140;0.30082303220101075
confOf_de#c-4532133-5374065;iasted_en#c-0999620-6234504;iasted_en#c-0999620-6234504;0.24980715723309677
confOf_de#c-2463275-9197848;iasted_en#c-2297379-6540044;iasted_en#c-2297379-6540044;0.39753563457296437
