;target;prediction_target_1;metric_1
cmt_en#c-2074692-1147118;iasted_de#c-6456542-4680337;_:B33bf2406X2Dab86X2D479cX2Dbbe0X2Dfce23607dc8d;1.3246655588958025
cmt_en#c-6029021-0998116;iasted_de#c-9964978-6784653;_:Bf33db5a6X2D73dbX2D4d27X2Daa8eX2Db3d98583ea65;1.2614547081455043
cmt_en#c-9519178-7885109;iasted_de#c-2379893-4624688;_:B353b1ad2X2Dbe92X2D4bd6X2D9b1dX2D642fff155908;1.2699264179263523
cmt_en#c-8707801-9291338;iasted_de#c-4015742-9338748;_:B985ce563X2D0143X2D4bfaX2D9f2aX2D6c5e9353a0b1;1.265520140609969
