;target;prediction_target_1;metric_1
conference_en#c-5450625-9274279;confOf_de#c-2472530-7442299;confOf_de#c-2472530-7442299;0.16374369762686708
conference_en#ent-4516568-5595755;confOf_de#ent-7472904-1496645;confOf_de#ent-7472904-1496645;0.7125297925798882
conference_en#c-7255821-5359025;confOf_de#c-6031375-0881001;confOf_de#c-6031375-0881001;0.6627902450091406
conference_en#c-0949358-2763718;confOf_de#c-2463275-9197848;confOf_de#c-2463275-9197848;0.21153769024758645
conference_en#c-4444483-2447834;confOf_de#c-8182861-6425712;confOf_de#c-8182861-6425712;0.08511203113637383
conference_en#op-6979143-6235556;confOf_de#op-4302120-7233512;confOf_de#op-4302120-7233512;0.5463225749658386
conference_en#c-0975007-5643450;confOf_de#c-4345951-5264002;confOf_de#c-4345951-5264002;0.15330936589635974
conference_en#ent-8856556-5729357;confOf_de#ent-0303881-5975791;confOf_de#ent-0303881-5975791;0.7485937195854735
