;target;prediction_target_1;metric_1
conference_en#c-8279198-9011918;confOf_de#c-3756950-6271891;rdf-schema#label;1.0926933782656456
conference_en#c-2446635-7449628;confOf_de#c-8403504-7828299;confOf_de#c-6031375-0881001;0.9335965437745548
conference_en#c-8376732-6542959;confOf_de#c-7620981-0130792;confOf_de#c-2463275-9197848;0.7754973130489747
conference_en#c-3746645-9598977;confOf_de#c-0553488-4726167;confOf_de#c-2463275-9197848;1.083987289985313
conference_en#c-6525918-2089133;confOf_de#c-2683474-6183904;confOf_de#c-8182861-6425712;1.0531076698176272
conference_en#c-5732310-8306083;confOf_de#c-5598437-4596711;rdf-schema#label;1.1845338086694783
conference_en#ent-9588809-0668690;confOf_de#ent-9875824-2357826;confOf_de#ent-0303881-5975791;0.9065875120611879
