;target;prediction_target_1;metric_1
conference_en#c-0513615-7095489;sigkdd_de#c-6985541-3131901;sigkdd_de#c-6985541-3131901;0.16482038521357556
conference_en#c-0975007-5643450;sigkdd_de#c-6217268-0289211;sigkdd_de#c-6217268-0289211;0.0781910538326604
conference_en#c-4444483-2447834;sigkdd_de#c-9282764-4133286;sigkdd_de#c-9282764-4133286;0.0900760127964308
