;target;prediction_target_1;metric_1
conference_en#c-0975007-5643450;sigkdd_de#c-6217268-0289211;sigkdd_de#c-6217268-0289211;0.16074971237661942
conference_en#c-2974852-3474918;sigkdd_de#c-6469555-3746715;XMLSchema#string;0.8456591613338639
conference_en#c-9453090-9458986;sigkdd_de#c-9302905-7296086;sigkdd_de#c-9302905-7296086;0.4915868671624237
conference_en#ent-4516568-5595755;sigkdd_de#ent-0138865-5902109;sigkdd_de#ent-0138865-5902109;0.7410538806631355
conference_en#c-3746645-9598977;sigkdd_de#c-1975722-3062538;sigkdd_de#c-1975722-3062538;0.18618335861217514
conference_en#c-5005169-5278256;sigkdd_de#c-4301546-5674434;sigkdd_de#c-9937182-0544372;0.7286987810254244
conference_en#c-7081035-6117083;sigkdd_de#c-0094164-6634357;sigkdd_de#c-0094164-6634357;0.4958482793190565
