;target;prediction_target_1;metric_1
conference_en#c-0513615-7095489;sigkdd_de#c-6985541-3131901;sigkdd_de#c-1975722-3062538;0.8028488852778286
conference_en#c-0153241-8442178;sigkdd_de#c-0695531-5412063;sigkdd_de#op-2375848-3510341;1.0244134698034637
conference_en#op-5728539-7928456;sigkdd_de#op-2955099-2207630;sigkdd_de#ent-3844426-4630787;1.1709877099661046
conference_en#c-7121259-3662514;sigkdd_de#c-1052931-1641701;sigkdd_de#c-9937182-0544372;0.7435691900452406
conference_en#c-4444483-2447834;sigkdd_de#c-9282764-4133286;sigkdd_de#c-6469555-3746715;0.6953242461071446
conference_en#c-9312690-4124149;sigkdd_de#c-6140019-6453251;sigkdd_de#op-7778495-5250855;1.1134521594257962
conference_en#c-6525918-2089133;sigkdd_de#c-2769827-8195865;XMLSchema#dateTime;0.9241673349439227
conference_en#op-0316178-5626069;sigkdd_de#op-0836929-5233701;sigkdd_de#ent-3844426-4630787;1.1496792207339614
