;target;prediction_target_1;metric_1
confOf_de#c-8959319-1033837;iasted_en#c-6174362-9247294;_:B2b384ecaX2D613aX2D4721X2D8f6dX2Dec239dcf8ca2;1.2576609151999631
confOf_de#c-4345951-5264002;iasted_en#c-7587641-3301519;owl#onProperty;1.2982977333704406
confOf_de#c-1001355-3418487;iasted_en#c-6699217-8827140;_:B418a57deX2D1217X2D4f77X2D8da0X2D268c2771a4c3;1.2650428958362374
confOf_de#c-4532133-5374065;iasted_en#c-0999620-6234504;_:B6c3e5e9bX2Dc9c8X2D49f5X2D921aX2Dba1aaf15ac0d;1.2996284423067332
confOf_de#c-1165971-3665910;iasted_en#c-9193120-6084737;iasted_en#op-8316675-9596933;1.2912576363120736
confOf_de#c-1803256-3977939;iasted_en#c-5688901-6766233;iasted_en#c-2396070-5020573;1.2344568465433325
confOf_de#c-2463275-9197848;iasted_en#c-2297379-6540044;iasted_en#op-1657852-5105987;1.1772728570814839
confOf_de#c-0652717-7598825;iasted_en#c-0579327-2823478;iasted_en#c-2396070-5020573;1.1863265939866237
