;target;prediction_target_1;metric_1
conference_en#c-4101654-3843816;iasted_de#c-4015742-9338748;iasted_de#c-4015742-9338748;0.48910200286816025
conference_en#c-6525918-2089133;iasted_de#c-2379893-4624688;iasted_de#c-2379893-4624688;0.31445386999096786
conference_en#c-0975007-5643450;iasted_de#c-6456542-4680337;iasted_de#c-6456542-4680337;0.5566208552450768
conference_en#c-1481587-3387008;iasted_de#c-4122268-3045249;iasted_de#c-4122268-3045249;0.5001937486516789
conference_en#c-9453090-9458986;iasted_de#c-6062149-5112025;iasted_de#c-6062149-5112025;0.4388757377199317
conference_en#op-8498965-3154119;iasted_de#op-5817020-0959926;iasted_de#op-5817020-0959926;0.7426863599119096
conference_en#c-3417170-2349351;iasted_de#c-1912201-3885408;iasted_de#c-1912201-3885408;0.2325733886999081
conference_en#c-2974852-3474918;iasted_de#c-9964978-6784653;iasted_de#c-9964978-6784653;0.5314906716101676
