;target;prediction_target_1;metric_1
conference_en#c-0845815-7069476;iasted_de#c-4247837-9825706;iasted_de#c-4122268-3045249;0.9010187559113304
conference_en#c-0949358-2763718;iasted_de#c-6959391-5712840;iasted_de#c-2293461-8102109;1.0926690542026054
conference_en#c-5623276-9536395;iasted_de#c-4201911-2867499;iasted_de#c-1912201-3885408;0.6189457380516935
conference_en#c-9170184-4807203;iasted_de#c-1608626-3325967;iasted_de#c-6062149-5112025;0.9988800672830727
conference_en#c-9609595-3810460;iasted_de#c-2372932-6696619;iasted_de#c-9964978-6784653;1.0327014481825496
conference_en#c-9312690-4124149;iasted_de#c-5379764-4238098;iasted_de#c-4122268-3045249;0.8618998609933655
