;target;prediction_target_1;metric_1
conference_de#c-1479504-0321675;confOf_en#c-9890668-1988204;confOf_en#c-9890668-1988204;0.11501142525248478
conference_de#op-4737759-4638811;confOf_en#op-8030807-5984904;confOf_en#op-8030807-5984904;0.3986652199953789
conference_de#ent-3965541-6558239;confOf_en#ent-1716167-5904495;confOf_en#ent-1716167-5904495;0.35335211277228773
