;target;prediction_target_1;metric_1
cmt_de#c-7511748-5827387;iasted_en#c-7587641-3301519;_:Bcaf26f2aX2Dd57fX2D4478X2Db859X2D353ba2828470;1.2465803290826278
cmt_de#c-2036030-6478102;iasted_en#c-4646685-6576496;_:B380cb87cX2D36fbX2D4399X2D8ca1X2Dbb01e943fd21;1.3288143035881481
cmt_de#c-9804348-4921383;iasted_en#c-2396070-5020573;_:Be4a0789cX2D248aX2D4a33X2D968bX2Dd2772b107901;1.3000031771256666
cmt_de#c-5062955-9564132;iasted_en#c-2174181-3520068;_:B7bddd30fX2Ddf76X2D4828X2Db3f0X2D326e5ca8808e;1.2711141356097033
