;target;prediction_target_1;metric_1
cmt_de#c-7606498-1774261;confOf_en#c-8897779-7605019;confOf_en#c-8729640-0951717;0.762873631434122
cmt_de#op-3382350-0510939;confOf_en#op-1921350-5090826;confOf_en#ent-4646280-6521925;0.8339598509743931
cmt_de#op-3286624-6409948;confOf_en#op-8176347-7547891;confOf_en#ent-4646280-6521925;0.3723284272528213
