;target;prediction_target_1;metric_1
conference_en#c-7121259-3662514;sigkdd_de#c-1052931-1641701;sigkdd_de#c-1052931-1641701;0.6343602958105846
conference_en#c-4444483-2447834;sigkdd_de#c-9282764-4133286;sigkdd_de#c-9282764-4133286;0.19432446738086373
conference_en#ent-4516568-5595755;sigkdd_de#ent-0138865-5902109;sigkdd_de#ent-0138865-5902109;0.5436786690783892
conference_en#c-3746645-9598977;sigkdd_de#c-1975722-3062538;sigkdd_de#c-1975722-3062538;0.1883709840852351
conference_en#c-5005169-5278256;sigkdd_de#c-4301546-5674434;sigkdd_de#c-1052931-1641701;0.6697808908536702
conference_en#op-0316178-5626069;sigkdd_de#op-0836929-5233701;sigkdd_de#op-0836929-5233701;0.30228860358740534
