;target;prediction_target_1;metric_1
conference_en#c-0513615-7095489;sigkdd_de#c-6985541-3131901;sigkdd_de#c-1975722-3062538;0.7115248438905786
conference_en#c-0153241-8442178;sigkdd_de#c-0695531-5412063;konferenzbeitrages;1.2414682027041775
conference_en#op-5728539-7928456;sigkdd_de#op-2955099-2207630;sigkdd_de#op-0836929-5233701;0.3868601364660273
conference_en#c-0975007-5643450;sigkdd_de#c-6217268-0289211;sigkdd_de#c-6541109-1088286;1.2444580179303066
conference_en#c-2974852-3474918;sigkdd_de#c-6469555-3746715;sigkdd_de#c-9282764-4133286;0.826589757869515
conference_en#c-9453090-9458986;sigkdd_de#c-9302905-7296086;sigkdd_de#ent-0138865-5902109;0.6341186907938735
conference_en#c-9312690-4124149;sigkdd_de#c-6140019-6453251;sigkdd_de#op-9258168-1550244;1.0111218649546
conference_en#c-6525918-2089133;sigkdd_de#c-2769827-8195865;sigkdd_de#c-9282764-4133286;1.0671916915923596
conference_en#c-7081035-6117083;sigkdd_de#c-0094164-6634357;sigkdd_de#c-4301546-5674434;0.9117042164477754
