;target;prediction_target_1;metric_1
cmt_en#c-3027646-3365825;sigkdd_de#c-9282764-4133286;sigkdd_de#c-9282764-4133286;0.1823982507162081
cmt_en#c-5409377-9286012;sigkdd_de#c-1975722-3062538;sigkdd_de#c-1975722-3062538;0.058350048737016366
cmt_en#c-4062369-5383392;sigkdd_de#c-5541011-4485740;sigkdd_de#c-5541011-4485740;0.2545982932727998
cmt_en#c-2079829-2275666;sigkdd_de#c-7606899-8734332;sigkdd_de#c-7606899-8734332;0.645046883860199
cmt_en#c-9519178-7885109;sigkdd_de#c-2769827-8195865;sigkdd_de#c-2769827-8195865;0.14819206982542457
