;target;prediction_target_1;metric_1
cmt_en#c-8693270-2767092;sigkdd_de#c-6140019-6453251;sigkdd_de#c-2769827-8195865;1.2212502625848523
cmt_en#ent-1648737-1451089;sigkdd_de#ent-0138865-5902109;wurden;1.1527153010530058
cmt_en#c-6029021-0998116;sigkdd_de#c-6469555-3746715;sigkdd_de#c-1975722-3062538;1.0040559146551684
cmt_en#c-5375467-1655905;sigkdd_de#c-1052931-1641701;sigkdd_de#c-9282764-4133286;1.0869943341495698
cmt_en#c-6062733-3218604;sigkdd_de#c-3760592-8292146;sigkdd_de#c-5541011-4485740;0.42440948326648825
cmt_en#c-2074692-1147118;sigkdd_de#c-6217268-0289211;sigkdd_de#c-7606899-8734332;0.6316419249013349
cmt_en#op-4706944-2787728;sigkdd_de#op-7778495-5250855;sigkdd_de#c-1975722-3062538;1.095907734251341
