;target;prediction_target_1;metric_1
cmt_en#c-1611583-0668331;conference_de#c-6828546-9901709;conference_de#c-6828546-9901709;0.3642871350438324
cmt_en#c-2074692-1147118;conference_de#c-2852856-4092117;conference_de#c-2852856-4092117;0.3098894051669939
cmt_en#c-0430420-0075813;conference_de#c-6600254-2450629;conference_de#c-6600254-2450629;0.2626209505932666
cmt_en#op-8575895-0911006;conference_de#op-1945545-2946293;conference_de#op-1945545-2946293;0.3390527374140338
cmt_en#c-5375467-1655905;conference_de#c-8195847-6754106;conference_de#c-8195847-6754106;0.3973051491753615
cmt_en#op-2798366-1946309;conference_de#op-4621167-8649272;conference_de#op-4621167-8649272;0.46195731800634704
