;target;prediction_target_1;metric_1
conference_en#c-9453090-9458986;sigkdd_de#c-9302905-7296086;sigkdd_de#ent-1700090-3901005;0.869484768599529
conference_en#c-5005169-5278256;sigkdd_de#c-4301546-5674434;owl#DatatypeProperty;0.8553366145326157
