;target;prediction_target_1;metric_1
conference_en#c-0153241-8442178;sigkdd_de#c-0695531-5412063;sigkdd_de#c-6217268-0289211;1.1475488146194588
conference_en#c-4444483-2447834;sigkdd_de#c-9282764-4133286;sigkdd_de#ent-7525202-3357334;0.8320979471456676
conference_en#c-5005169-5278256;sigkdd_de#c-4301546-5674434;sigkdd_de#c-1052931-1641701;0.84401209474092
conference_en#c-6525918-2089133;sigkdd_de#c-2769827-8195865;sigkdd_de#c-6140019-6453251;1.0247342202360255
conference_en#c-7081035-6117083;sigkdd_de#c-0094164-6634357;studenten;0.8646829915387306
