;target;prediction_target_1;metric_1
conference_de#c-3040625-6424461;sigkdd_en#c-4512427-8358882;sigkdd_en#c-4512427-8358882;0.46799785319156084
conference_de#op-1806324-3972847;sigkdd_en#op-4778648-3039012;sigkdd_en#op-4778648-3039012;0.22093544108567686
conference_de#c-2852856-4092117;sigkdd_en#c-4834530-8825541;sigkdd_en#c-4834530-8825541;0.1576305778676981
conference_de#c-8195847-6754106;sigkdd_en#c-5937062-8520809;was;0.6065719744197161
conference_de#c-2807153-3693543;sigkdd_en#c-6792972-5439604;sigkdd_en#c-6792972-5439604;0.13157390059737484
