;target;prediction_target_1;metric_1
cmt_de#c-3386094-8929437;conference_en#c-9312690-4124149;_:B8b43540fX2D0916X2D425aX2D849cX2D94d4fdb1f9f2;1.10079219785783
cmt_de#c-2036030-6478102;conference_en#c-2974852-3474918;conference_en#c-1432286-4789153;1.130122213233867
