;target;prediction_target_1;metric_1
cmt_de#c-3386094-8929437;conference_en#c-9312690-4124149;conference_en#c-9312690-4124149;0.3272388769840368
cmt_de#c-7221579-7498183;conference_en#c-2446635-7449628;conference_en#c-2446635-7449628;0.30282894450426523
cmt_de#c-7914897-1988765;conference_en#c-4444483-2447834;conference_en#c-4444483-2447834;0.22765105748633505
cmt_de#c-7914897-1988765;conference_en#c-0918067-8070827;conference_en#c-4444483-2447834;0.22765105748633505
cmt_de#c-8450582-0542304;conference_en#c-1432286-4789153;conference_en#c-1432286-4789153;0.07645657778987747
cmt_de#op-7181260-5606687;conference_en#op-8925105-7780939;conference_en#op-3595853-4712760;0.5672645676546215
