;target;prediction_target_1;metric_1
conference_en#c-0513615-7095489;sigkdd_de#c-6985541-3131901;sigkdd_de#c-6985541-3131901;0.6914467881491605
conference_en#op-5728539-7928456;sigkdd_de#op-2955099-2207630;sigkdd_de#op-2955099-2207630;0.15677657006190762
conference_en#c-2974852-3474918;sigkdd_de#c-6469555-3746715;sigkdd_de#c-6469555-3746715;0.5575772686568236
conference_en#c-9453090-9458986;sigkdd_de#c-9302905-7296086;sigkdd_de#c-9302905-7296086;0.24393353247071578
