;target;prediction_target_1;metric_1
confOf_de#c-2683474-6183904;sigkdd_en#c-6792972-5439604;sigkdd_en#c-4095132-8928036;1.2973749605775569
confOf_de#c-4439571-8274936;sigkdd_en#c-4408098-5910124;_:B9dafc342X2D8d6dX2D441eX2Da892X2Db947ff245c51;1.3261534264993715
confOf_de#ent-7472904-1496645;sigkdd_en#ent-6795922-7675825;sigkdd_en#op-7996089-2358292;1.294209101131854
confOf_de#c-4345951-5264002;sigkdd_en#c-4834530-8825541;sigkdd_en#c-4095132-8928036;1.2956780325667112
confOf_de#c-8182861-6425712;sigkdd_en#c-5031073-5159430;_:B8e2d5146X2D6bf5X2D4bc3X2D84f1X2Df48241e46591;1.3167521047338901
confOf_de#c-0977717-2950137;sigkdd_en#c-7287097-6354392;sigkdd_en#c-4095132-8928036;1.3020553163977422
confOf_de#c-0553488-4726167;sigkdd_en#c-3705916-7930602;sigkdd_en#op-4778648-3039012;1.3076331505909533
