;target;prediction_target_1;metric_1
cmt_de#c-6476451-2581059;conference_en#c-3013589-3595599;conference_en#c-0918067-8070827;1.025460293935018
cmt_de#ent-4152612-5306614;conference_en#ent-4516568-5595755;conference_en#c-2446635-7449628;0.8050928229988057
cmt_de#c-8450582-0542304;conference_en#c-0513615-7095489;conference_en#c-1432286-4789153;0.1894471308504039
cmt_de#c-2276280-7516043;conference_en#c-4401355-0431935;_:Ba4eb9ac7X2D7fc9X2D4cc0X2D922dX2D7e7ef98f2d18;1.0132929766681
cmt_de#op-8350630-9441009;conference_en#op-3595853-4712760;conference_en#op-3595853-4712760;0.9741752874813802
