;target;prediction_target_1;metric_1
cmt_de#c-6476451-2581059;conference_en#c-3013589-3595599;conference_en#c-0918067-8070827;1.0764329437474363
cmt_de#c-7511748-5827387;conference_en#c-0975007-5643450;conference_en#c-8170886-3522509;0.7364409092289846
cmt_de#ent-4152612-5306614;conference_en#ent-4516568-5595755;_:Be670b44cX2Db340X2D4dfcX2Db354X2D3ed75a07d73d;1.069156469669285
cmt_de#c-3386094-8929437;conference_en#c-9312690-4124149;conference_en#c-1432286-4789153;1.1761022329708328
cmt_de#c-2036030-6478102;conference_en#c-2974852-3474918;conference_en#c-1432286-4789153;1.1412894275071266
cmt_de#c-7914897-1988765;conference_en#c-0918067-8070827;conference_en#c-4444483-2447834;0.3519444446781327
cmt_de#c-3554876-1135672;conference_en#c-7121259-3662514;conference_en#c-6525918-2089133;1.133928736733582
cmt_de#c-2276280-7516043;conference_en#c-4401355-0431935;_:B8a67099fX2Db0b8X2D4498X2D9fadX2Dc9556d2038f8;1.0294166524893922
cmt_de#c-7221579-7498183;conference_en#c-2446635-7449628;_:B2a56a509X2Db0caX2D4d59X2Db8fcX2Dc0d5843cfc14;1.0778636482152992
