;target;prediction_target_1;metric_1
cmt_de#c-5403940-4193578;conference_en#c-8170886-3522509;conference_en#c-8170886-3522509;0.6144611626853722
cmt_de#c-7914897-1988765;conference_en#c-4444483-2447834;conference_en#c-4444483-2447834;0.3519444446781327
cmt_de#c-8450582-0542304;conference_en#c-0513615-7095489;conference_en#c-1432286-4789153;0.3135364848816546
cmt_de#c-8450582-0542304;conference_en#c-1432286-4789153;conference_en#c-1432286-4789153;0.3135364848816546
cmt_de#c-9804348-4921383;conference_en#c-6525918-2089133;conference_en#c-6525918-2089133;0.17177976324506733
cmt_de#op-7181260-5606687;conference_en#op-8925105-7780939;conference_en#op-8925105-7780939;0.5021727430289047
cmt_de#op-8350630-9441009;conference_en#op-3595853-4712760;conference_en#op-6979143-6235556;0.4765675556348753
