;target;prediction_target_1;metric_1
iasted_de#c-6062149-5112025;sigkdd_en#c-3967774-8138616;sigkdd_en#c-3967774-8138616;0.36302245734869804
iasted_de#c-5119860-9323326;sigkdd_en#c-1350325-0780321;sigkdd_en#c-1350325-0780321;0.17436776514965016
iasted_de#c-3927158-8920929;sigkdd_en#c-7201186-4592712;sigkdd_en#c-7201186-4592712;0.37760399459525246
iasted_de#c-6456542-4680337;sigkdd_en#c-4834530-8825541;sigkdd_en#c-4834530-8825541;0.23744765572411536
iasted_de#c-4201911-2867499;sigkdd_en#c-1214605-4064522;sigkdd_en#c-1214605-4064522;0.29240885512172426
