;target;prediction_target_1;metric_1
confOf_de#c-1165971-3665910;iasted_en#c-9193120-6084737;iasted_en#c-6699217-8827140;0.6447525685711027
confOf_de#c-2463275-9197848;iasted_en#c-2297379-6540044;iasted_en#c-0999620-6234504;0.9933625835214305
confOf_de#c-0652717-7598825;iasted_en#c-0579327-2823478;iasted_en#c-5688901-6766233;0.9891527282170397
