;target;prediction_target_1;metric_1
confOf_de#c-8959319-1033837;iasted_en#c-6174362-9247294;iasted_en#c-6174362-9247294;0.24673147515754823
confOf_de#c-4345951-5264002;iasted_en#c-7587641-3301519;iasted_en#c-7587641-3301519;0.22740390107110037
confOf_de#c-2683474-6183904;iasted_en#c-2396070-5020573;iasted_en#c-2396070-5020573;0.17626942278173574
confOf_de#c-1001355-3418487;iasted_en#c-6699217-8827140;iasted_en#c-6699217-8827140;0.1900480359657271
confOf_de#c-4532133-5374065;iasted_en#c-0999620-6234504;iasted_en#c-0999620-6234504;0.20231567598618722
confOf_de#c-1803256-3977939;iasted_en#c-5688901-6766233;iasted_en#c-5688901-6766233;0.2966361357220105
