;target;prediction_target_1;metric_1
conference_de#c-8237344-7989230;confOf_en#c-8729640-0951717;confOf_en#c-8729640-0951717;0.15683811663205463
conference_de#c-1859422-0439299;confOf_en#c-2124079-9413007;confOf_en#c-2124079-9413007;0.12373092651072248
conference_de#c-2734491-0275940;confOf_en#c-2402287-2880350;confOf_en#c-2402287-2880350;0.717473323277629
conference_de#c-0369442-7501730;confOf_en#c-6834280-4912416;confOf_en#c-6834280-4912416;0.24786695110204734
conference_de#c-2807153-3693543;confOf_en#c-6922761-6569068;confOf_en#c-6922761-6569068;0.29462903564573706
conference_de#c-1479504-0321675;confOf_en#c-9890668-1988204;confOf_en#c-9890668-1988204;0.3184515225676558
conference_de#ent-4771576-9028029;confOf_en#ent-8227140-2506031;confOf_en#ent-8227140-2506031;0.7973276175022808
