;target;prediction_target_1;metric_1
conference_de#c-2731220-6600456;iasted_en#c-0887025-3124194;iasted_en#c-0887025-3124194;0.30811654512277864
conference_de#c-2807153-3693543;iasted_en#c-2396070-5020573;iasted_en#c-2396070-5020573;0.24855854247906395
conference_de#c-2852856-4092117;iasted_en#c-7587641-3301519;iasted_en#c-7587641-3301519;0.3173590952564728
conference_de#c-6041715-6986615;iasted_en#c-1873801-1221522;iasted_en#c-1873801-1221522;0.4659517376743787
conference_de#op-5642484-4870984;iasted_en#op-1301961-3228494;iasted_en#op-1301961-3228494;0.8472592986227734
conference_de#c-2883309-0508630;iasted_en#c-4700670-6960019;iasted_en#c-4700670-6960019;0.25068899778559817
conference_de#c-1450635-6067268;iasted_en#c-6088495-8861567;iasted_en#c-6088495-8861567;1.0485263952883748
conference_de#c-6508590-8109709;iasted_en#c-4646685-6576496;iasted_en#c-4646685-6576496;0.6007552694316151
