;target;prediction_target_1;metric_1
conference_de#c-2365620-6793184;iasted_en#c-2174181-3520068;iasted_en#c-2396070-5020573;0.9574592758418761
conference_de#c-7096317-3412127;iasted_en#c-7464317-0926432;iasted_en#c-5042951-8302750;1.1021723971244612
conference_de#c-1479504-0321675;iasted_en#c-2297379-6540044;iasted_en#c-5071843-9957942;1.0643284454191453
conference_de#c-1308924-1537645;iasted_en#c-3686523-4526492;iasted_en#c-4700670-6960019;0.7135341442574755
conference_de#c-9365621-4628022;iasted_en#c-2980826-1784096;iasted_en#c-2396070-5020573;0.9765167071233409
conference_de#c-7521012-9493261;iasted_en#c-0201298-3231355;iasted_en#c-1873801-1221522;0.8870979443662665
