;target;prediction_target_1;metric_1
conference_de#c-8237344-7989230;confOf_en#c-8729640-0951717;confOf_en#c-8729640-0951717;0.26330219673656136
conference_de#c-1859422-0439299;confOf_en#c-2124079-9413007;confOf_en#c-2124079-9413007;0.23669908850449328
conference_de#c-2734491-0275940;confOf_en#c-2402287-2880350;confOf_en#c-2402287-2880350;0.5503355202433468
conference_de#c-4756237-0913680;confOf_en#c-4888780-4443103;confOf_en#c-4888780-4443103;0.3817871629848461
conference_de#c-5236249-1093814;confOf_en#c-4855691-2375415;confOf_en#c-4855691-2375415;0.35274887968410196
conference_de#c-2807153-3693543;confOf_en#c-6922761-6569068;confOf_en#c-6922761-6569068;0.2964788583833921
conference_de#c-1479504-0321675;confOf_en#c-9890668-1988204;confOf_en#c-9890668-1988204;0.3900736660648572
conference_de#ent-4771576-9028029;confOf_en#ent-8227140-2506031;confOf_en#ent-8227140-2506031;0.7743986487413163
