;target;prediction_target_1;metric_1
conference_de#ent-5299945-7988874;confOf_en#ent-4532930-2199897;confOf_en#ent-8227140-2506031;0.8975107842774467
conference_de#c-0369442-7501730;confOf_en#c-6834280-4912416;confOf_en#c-2124079-9413007;0.7917209103609165
conference_de#c-8115832-0092831;confOf_en#c-1804480-3618243;confOf_en#c-2124079-9413007;1.0314924400548986
conference_de#c-5694210-3113803;confOf_en#c-5307218-6000981;confOf_en#c-9890668-1988204;0.943079831922189
conference_de#op-4737759-4638811;confOf_en#op-8030807-5984904;confOf_en#ent-8227140-2506031;0.9683749283290995
conference_de#c-2852856-4092117;confOf_en#c-3734266-2898610;confOf_en#c-8729640-0951717;0.9375573024647412
conference_de#ent-3965541-6558239;confOf_en#ent-1716167-5904495;confOf_en#ent-8227140-2506031;0.8733486657262791
