;target;prediction_target_1;metric_1
cmt_en#c-5409377-9286012;sigkdd_de#c-1975722-3062538;sigkdd_de#op-2955099-2207630;1.1655965309244796
cmt_en#ent-1648737-1451089;sigkdd_de#ent-0138865-5902109;sponsor;1.2064817238164058
cmt_en#op-4706944-2787728;sigkdd_de#op-7778495-5250855;owl#ObjectProperty;1.1591262275794065
