;target;prediction_target_1;metric_1
conference_de#c-6041715-6986615;iasted_en#c-1873801-1221522;iasted_en#c-1873801-1221522;0.004517603219966191
conference_de#c-1479504-0321675;iasted_en#c-2297379-6540044;iasted_en#c-2297379-6540044;0.006960927865797988
