;target;prediction_target_1;metric_1
confOf_de#c-4439571-8274936;sigkdd_en#c-4408098-5910124;sigkdd_en#c-4408098-5910124;0.4447067759280366
confOf_de#c-4345951-5264002;sigkdd_en#c-4834530-8825541;sigkdd_en#c-4834530-8825541;0.20962883666191146
confOf_de#c-8182861-6425712;sigkdd_en#c-5031073-5159430;sigkdd_en#c-5031073-5159430;0.1721181324133666
confOf_de#c-0977717-2950137;sigkdd_en#c-7287097-6354392;sigkdd_en#c-7287097-6354392;0.5229044439741992
