;target;prediction_target_1;metric_1
cmt_en#c-6062733-3218604;confOf_de#c-0977717-2950137;confOf_de#c-4439571-8274936;0.6562796943188435
cmt_en#c-3355504-9442806;confOf_de#c-3286368-6722233;confOf_de#c-4345951-5264002;0.9716205816379034
cmt_en#ent-7592571-9671564;confOf_de#ent-5742004-8000728;confOf_de#c-5598437-4596711;1.067817194001343
cmt_en#c-4413043-1523228;confOf_de#c-0553488-4726167;_:Bded7b839X2D4f68X2D479cX2D820dX2Daef660d2e75a;0.9917245262976854
cmt_en#op-8724798-7163354;confOf_de#op-0668174-3248392;confOf_de#op-1722644-5121501;0.8675735137547925
cmt_en#op-7452997-4133095;confOf_de#op-9873670-8357831;confOf_de#op-1722644-5121501;0.9247433118512787
cmt_en#c-3027646-3365825;confOf_de#c-8182861-6425712;ereignis;1.1930724244888788
cmt_en#op-2852745-7435295;confOf_de#op-4508989-0566286;confOf_de#c-5598437-4596711;0.9956945778912535
cmt_en#c-9519178-7885109;confOf_de#c-2683474-6183904;confOf_de#c-8403504-7828299;1.100212506980223
