;target;prediction_target_1;metric_1
cmt_en#op-2611597-4191733;confOf_de#op-1722644-5121501;confOf_de#op-1722644-5121501;0.3352691992399615
cmt_en#c-2074692-1147118;confOf_de#c-4345951-5264002;confOf_de#c-4345951-5264002;0.4708324171470655
cmt_en#c-8066557-3199962;confOf_de#c-4973711-7358267;confOf_de#c-4973711-7358267;0.3978204282044902
cmt_en#c-3969637-3563037;confOf_de#c-8403504-7828299;confOf_de#c-8403504-7828299;0.5216486341610538
cmt_en#c-4062369-5383392;confOf_de#c-4439571-8274936;confOf_de#c-4439571-8274936;0.23170301514648303
cmt_en#c-5409377-9286012;confOf_de#c-5598437-4596711;confOf_de#c-5598437-4596711;0.21941239573016916
cmt_en#ent-1648737-1451089;confOf_de#ent-7472904-1496645;confOf_de#ent-7472904-1496645;0.881729709358774
