;target;prediction_target_1;metric_1
cmt_en#c-9519178-7885109;conference_de#c-2807153-3693543;conference_de#c-6600254-2450629;1.077325066033499
cmt_en#op-8575895-0911006;conference_de#op-1945545-2946293;conference_de#op-9561953-5139312;1.0059027124857656
cmt_en#c-3027646-3365825;conference_de#c-3560304-9366401;conference_de#c-5694210-3113803;0.43005114204634
cmt_en#c-3387453-2881212;conference_de#c-7158328-5483937;_:Bba605352X2Dcb87X2D4080X2D9eddX2D0c14b1ac6bf5;1.0237929282987859
cmt_en#c-0430420-0075813;conference_de#c-1810344-8487780;conference_de#c-6600254-2450629;0.5146869155514957
