;target;prediction_target_1;metric_1
conference_en#c-4101654-3843816;iasted_de#c-4015742-9338748;iasted_de#c-4015742-9338748;0.2351390267130957
conference_en#c-6525918-2089133;iasted_de#c-2379893-4624688;iasted_de#c-2379893-4624688;0.4553264766668367
conference_en#c-9453090-9458986;iasted_de#c-6062149-5112025;iasted_de#c-6062149-5112025;0.37180441299112144
conference_en#c-0949358-2763718;iasted_de#c-6959391-5712840;iasted_de#c-6959391-5712840;0.37984369692372044
conference_en#op-8498965-3154119;iasted_de#op-5817020-0959926;iasted_de#op-5817020-0959926;0.33493926341072205
conference_en#c-9170184-4807203;iasted_de#c-1608626-3325967;iasted_de#c-1608626-3325967;0.6424233115183473
conference_en#c-2974852-3474918;iasted_de#c-9964978-6784653;iasted_de#c-9964978-6784653;0.41890791170058655
conference_en#c-9609595-3810460;iasted_de#c-2372932-6696619;iasted_de#c-2372932-6696619;0.6047550398039616
conference_en#c-9312690-4124149;iasted_de#c-5379764-4238098;iasted_de#c-5379764-4238098;0.22345632690854367
