;target;prediction_target_1;metric_1
conference_en#c-0845815-7069476;iasted_de#c-4247837-9825706;iasted_de#c-5379764-4238098;0.977008988763769
conference_en#c-0975007-5643450;iasted_de#c-6456542-4680337;iasted_de#c-1203716-4790361;1.1852627203316164
conference_en#c-1481587-3387008;iasted_de#c-4122268-3045249;iasted_de#c-5379764-4238098;1.0542602050430157
conference_en#c-5623276-9536395;iasted_de#c-4201911-2867499;iasted_de#c-8622413-8169447;1.0475379320856086
conference_en#c-3417170-2349351;iasted_de#c-1912201-3885408;iasted_de#c-8622413-8169447;1.0741738746463279
