;target;prediction_target_1;metric_1
iasted_en#c-7587641-3301519;sigkdd_de#c-6217268-0289211;sigkdd_de#c-4711434-5769445;1.0923898274405897
iasted_en#c-3686523-4526492;sigkdd_de#c-9038315-6127488;sigkdd_de#c-4711434-5769445;1.1325387932772413
iasted_en#c-2396070-5020573;sigkdd_de#c-2769827-8195865;sigkdd_de#op-2955099-2207630;1.2652771066127895
