;target;prediction_target_1;metric_1
iasted_en#c-3616860-0256541;sigkdd_de#c-1670757-7005751;sigkdd_de#c-1670757-7005751;0.3789919467461255
iasted_en#c-7464317-0926432;sigkdd_de#c-9302905-7296086;sigkdd_de#c-9302905-7296086;0.25006999207572966
iasted_en#c-9595802-8962494;sigkdd_de#c-3867058-2838516;sigkdd_de#c-3867058-2838516;0.34247948038875103
iasted_en#c-0409829-5411561;sigkdd_de#c-5524974-3116937;sigkdd_de#c-5524974-3116937;0.5975868230440586
iasted_en#c-3433144-4931823;sigkdd_de#c-5850113-5122819;sigkdd_de#c-5850113-5122819;0.8726789127524012
iasted_en#c-7587641-3301519;sigkdd_de#c-6217268-0289211;sigkdd_de#c-6217268-0289211;0.20768692778270226
iasted_en#c-0995110-2084431;sigkdd_de#c-7783492-1910067;sigkdd_de#c-1052931-1641701;0.8325957801567411
iasted_en#c-3390147-9518013;sigkdd_de#c-7753839-9560987;sigkdd_de#c-7753839-9560987;0.8645352589322205
iasted_en#c-4700670-6960019;sigkdd_de#c-4711434-5769445;sigkdd_de#c-4711434-5769445;0.2280002778567772
