;target;prediction_target_1;metric_1
iasted_en#c-4646685-6576496;sigkdd_de#c-6469555-3746715;sigkdd_de#c-6217268-0289211;1.148156072985347
iasted_en#c-8889798-1079873;sigkdd_de#c-7808089-4928984;sigkdd_de#c-0419564-4277308;0.8978142140992229
iasted_en#c-9677685-8341994;sigkdd_de#c-3477390-2381487;erhalten;1.1529135765201584
iasted_en#c-3686523-4526492;sigkdd_de#c-9038315-6127488;sigkdd_de#c-4711434-5769445;1.063691629352059
iasted_en#c-2396070-5020573;sigkdd_de#c-2769827-8195865;sigkdd_de#c-4711434-5769445;1.266219102364797
iasted_en#c-3110153-2691987;sigkdd_de#c-7203961-8308851;sigkdd_de#c-5524974-3116937;1.0112062273305267
