;target;prediction_target_1;metric_1
cmt_en#c-2074692-1147118;conference_de#c-2852856-4092117;conference_de#c-2852856-4092117;0.34654893001902864
cmt_en#c-5375467-1655905;conference_de#c-8195847-6754106;conference_de#c-8195847-6754106;0.21379151473342323
cmt_en#c-3387453-2881212;conference_de#c-7158328-5483937;conference_de#c-7158328-5483937;0.25065479938531865
cmt_en#c-3969637-3563037;conference_de#c-4756237-0913680;conference_de#c-4756237-0913680;0.6585003754776438
cmt_en#op-2798366-1946309;conference_de#op-4621167-8649272;conference_de#op-4621167-8649272;0.508558216191723
