;target;prediction_target_1;metric_1
iasted_en#c-7464317-0926432;sigkdd_de#c-9302905-7296086;sigkdd_de#c-9937182-0544372;1.1535307335596725
iasted_en#c-9595802-8962494;sigkdd_de#c-3867058-2838516;sigkdd_de#c-5850113-5122819;1.0922651603173925
iasted_en#c-9677685-8341994;sigkdd_de#c-3477390-2381487;sigkdd_de#c-7808089-4928984;1.2778019999992292
iasted_en#c-7587641-3301519;sigkdd_de#c-6217268-0289211;sigkdd_de#c-1052931-1641701;1.225259152843529
iasted_en#c-0995110-2084431;sigkdd_de#c-7783492-1910067;sigkdd_de#c-1670757-7005751;0.9781972918159917
iasted_en#c-3390147-9518013;sigkdd_de#c-7753839-9560987;sigkdd_de#c-1670757-7005751;1.0448663389998025
iasted_en#c-2396070-5020573;sigkdd_de#c-2769827-8195865;sigkdd_de#c-5541011-4485740;1.2035732605914216
iasted_en#c-4700670-6960019;sigkdd_de#c-4711434-5769445;sigkdd_de#c-9038315-6127488;1.103476028863063
