;target;prediction_target_1;metric_1
iasted_en#c-3616860-0256541;sigkdd_de#c-1670757-7005751;sigkdd_de#c-1670757-7005751;0.2903008014226461
iasted_en#c-4646685-6576496;sigkdd_de#c-6469555-3746715;sigkdd_de#c-6469555-3746715;0.7141087727724149
iasted_en#c-8889798-1079873;sigkdd_de#c-7808089-4928984;sigkdd_de#c-7808089-4928984;0.6204548975291607
iasted_en#c-0409829-5411561;sigkdd_de#c-5524974-3116937;sigkdd_de#c-5524974-3116937;0.2618152980280273
iasted_en#c-3433144-4931823;sigkdd_de#c-5850113-5122819;sigkdd_de#c-9937182-0544372;0.6296507439559352
iasted_en#c-3686523-4526492;sigkdd_de#c-9038315-6127488;sigkdd_de#c-9038315-6127488;0.26940573551195546
iasted_en#c-3110153-2691987;sigkdd_de#c-7203961-8308851;sigkdd_de#c-7203961-8308851;0.2968442062172102
