;target;prediction_target_1;metric_1
conference_en#c-0949358-2763718;iasted_de#c-6959391-5712840;iasted_de#c-2728663-8403537;0.9921406568866462
conference_en#c-9170184-4807203;iasted_de#c-1608626-3325967;iasted_de#c-6062149-5112025;0.7577193801930381
