;target;prediction_target_1;metric_1
cmt_en#c-2074692-1147118;iasted_de#c-6456542-4680337;iasted_de#c-2379893-4624688;1.2796412559906907
cmt_en#c-6029021-0998116;iasted_de#c-9964978-6784653;22-rdf-syntax-ns#first;1.294715623010858
cmt_en#c-9519178-7885109;iasted_de#c-2379893-4624688;_:B1d539220X2Daeb9X2D4915X2D9f4cX2D5f48f7ec6366;1.2829670409186549
cmt_en#c-8707801-9291338;iasted_de#c-4015742-9338748;iasted_de#c-5556791-9047127;1.273485131519614
