;target;prediction_target_1;metric_1
conference_en#c-0153241-8442178;sigkdd_de#c-0695531-5412063;sigkdd_de#c-0695531-5412063;0.8903840214388278
conference_en#c-7121259-3662514;sigkdd_de#c-1052931-1641701;owl#DatatypeProperty;0.9721593396040655
conference_en#c-9453090-9458986;sigkdd_de#c-9302905-7296086;sigkdd_de#ent-1700090-3901005;1.0287204612229217
conference_en#c-7081035-6117083;sigkdd_de#c-0094164-6634357;sigkdd_de#c-0094164-6634357;1.0330305038837426
