;target;prediction_target_1;metric_1
cmt_de#c-7511748-5827387;iasted_en#c-7587641-3301519;iasted_en#c-4813826-7779652;1.2526531483489403
cmt_de#c-2036030-6478102;iasted_en#c-4646685-6576496;_:Bd69af27cX2DcceeX2D4379X2Da4e3X2D0bf7af282602;1.2565870452265284
cmt_de#c-9804348-4921383;iasted_en#c-2396070-5020573;iasted_en#c-0201298-3231355;1.214497871276079
cmt_de#c-5062955-9564132;iasted_en#c-2174181-3520068;_:B0fb6ef06X2D4271X2D4291X2Db4ffX2Deb7c8e2d3a09;1.2012702529721968
