;target;prediction_target_1;metric_1
conference_en#c-0949358-2763718;iasted_de#c-6959391-5712840;iasted_de#c-2372932-6696619;0.9465051336603962
conference_en#op-8498965-3154119;iasted_de#op-5817020-0959926;iasted_de#c-4253545-1698296;1.2177892915663768
conference_en#c-9312690-4124149;iasted_de#c-5379764-4238098;iasted_de#c-8814095-4641936;0.9515489875256538
