;target;prediction_target_1;metric_1
conference_de#c-3040625-6424461;sigkdd_en#c-4512427-8358882;sigkdd_en#c-4512427-8358882;0.4729155897536502
conference_de#c-6508590-8109709;sigkdd_en#c-3661201-8652994;sigkdd_en#c-3661201-8652994;0.8991436958098428
conference_de#c-0369442-7501730;sigkdd_en#c-3705916-7930602;sigkdd_en#c-3705916-7930602;0.15802103665399286
conference_de#c-7521012-9493261;sigkdd_en#c-4448805-6156000;sigkdd_en#c-4448805-6156000;0.4921230897601183
conference_de#c-2807153-3693543;sigkdd_en#c-6792972-5439604;sigkdd_en#c-6792972-5439604;0.30932681604090617
conference_de#op-6034483-9201945;sigkdd_en#op-5101248-3088535;sigkdd_en#op-5101248-3088535;0.16591731119565475
