;target;prediction_target_1;metric_1
conference_de#c-6600254-2450629;sigkdd_en#c-7357680-6909888;sigkdd_en#c-3705916-7930602;0.7784803839264375
conference_de#op-1806324-3972847;sigkdd_en#op-4778648-3039012;sigkdd_en#op-5101248-3088535;0.2834742204015726
conference_de#c-2852856-4092117;sigkdd_en#c-4834530-8825541;sigkdd_en#c-4512427-8358882;0.8339643928601561
conference_de#c-8195847-6754106;sigkdd_en#c-5937062-8520809;sigkdd_en#c-1615562-8494578;1.0491256493925798
conference_de#c-5694210-3113803;sigkdd_en#c-5031073-5159430;sigkdd_en#c-6792972-5439604;1.1671249120654648
conference_de#c-7096317-3412127;sigkdd_en#c-3967774-8138616;sigkdd_en#c-9975477-9791635;1.1848707387874233
conference_de#ent-5299945-7988874;sigkdd_en#ent-6795922-7675825;webmaster;1.084287555547337
conference_de#c-1521137-1761392;sigkdd_en#c-2288341-0956338;sigkdd_en#c-3705916-7930602;1.0303126536236724
conference_de#c-9625814-4995879;sigkdd_en#c-4956507-8354862;sigkdd_en#c-1615562-8494578;1.2102108326867462
