;target;prediction_target_1;metric_1
conference_en#ent-4516568-5595755;confOf_de#ent-7472904-1496645;confOf_de#c-6031375-0881001;0.58597688908724
conference_en#c-3746645-9598977;confOf_de#c-0553488-4726167;confOf_de#c-3756950-6271891;0.945692828177884
conference_en#c-6525918-2089133;confOf_de#c-2683474-6183904;confOf_de#c-8182861-6425712;0.939276762643933
conference_en#c-5732310-8306083;confOf_de#c-5598437-4596711;confOf_de#c-3756950-6271891;0.9797188451005029
conference_en#c-0949358-2763718;confOf_de#c-2463275-9197848;confOf_de#c-7620981-0130792;0.6772353916760152
conference_en#op-6979143-6235556;confOf_de#op-4302120-7233512;_:BeefebddcX2Dfcd8X2D4df8X2Da013X2D45c86be1b3cb;1.1451190240213835
conference_en#c-0975007-5643450;confOf_de#c-4345951-5264002;confOf_de#c-2472530-7442299;1.0847490974150338
conference_en#ent-9588809-0668690;confOf_de#ent-9875824-2357826;confOf_de#c-6031375-0881001;0.7854402344042757
conference_en#ent-8856556-5729357;confOf_de#ent-0303881-5975791;confOf_de#c-6031375-0881001;0.766386626524422
