;target;prediction_target_1;metric_1
conference_en#c-5450625-9274279;confOf_de#c-2472530-7442299;confOf_de#c-2472530-7442299;0.10783519613372883
conference_en#c-8279198-9011918;confOf_de#c-3756950-6271891;confOf_de#c-3756950-6271891;0.050879192774231835
conference_en#c-7255821-5359025;confOf_de#c-6031375-0881001;confOf_de#c-6031375-0881001;0.19815520201015785
conference_en#c-2446635-7449628;confOf_de#c-8403504-7828299;confOf_de#c-8403504-7828299;0.24717741438211496
conference_en#c-8376732-6542959;confOf_de#c-7620981-0130792;confOf_de#c-7620981-0130792;0.6034872167476291
conference_en#c-4444483-2447834;confOf_de#c-8182861-6425712;confOf_de#c-8182861-6425712;0.2925827757344588
