;target;prediction_target_1;metric_1
confOf_de#c-2683474-6183904;iasted_en#c-2396070-5020573;iasted_en#c-2396070-5020573;0.1923102320103368
confOf_de#c-4532133-5374065;iasted_en#c-0999620-6234504;iasted_en#c-0999620-6234504;0.12772200976074188
confOf_de#c-1165971-3665910;iasted_en#c-9193120-6084737;iasted_en#c-9193120-6084737;0.2177161364734947
confOf_de#c-0652717-7598825;iasted_en#c-0579327-2823478;iasted_en#c-0579327-2823478;0.07615410398694901
