;target;prediction_target_1;metric_1
confOf_de#c-8959319-1033837;iasted_en#c-6174362-9247294;iasted_en#c-0579327-2823478;1.1759754929822677
confOf_de#c-4345951-5264002;iasted_en#c-7587641-3301519;iasted_en#c-0579327-2823478;1.2039671917254289
confOf_de#c-1001355-3418487;iasted_en#c-6699217-8827140;iasted_en#c-9193120-6084737;0.5408699532871889
confOf_de#c-1803256-3977939;iasted_en#c-5688901-6766233;iasted_en#c-0579327-2823478;0.913280375630818
confOf_de#c-2463275-9197848;iasted_en#c-2297379-6540044;_:Be3fa6253X2Dfe51X2D4fb3X2Db3b3X2D54635d404ad4;0.9653393391335895
