;target;prediction_target_1;metric_1
confOf_de#c-8959319-1033837;iasted_en#c-6174362-9247294;iasted_en#c-1215775-9702989;1.2481513250481635
confOf_de#c-4345951-5264002;iasted_en#c-7587641-3301519;_:B097f7816X2D416bX2D4e82X2D979eX2Dfa9245fbf26f;1.2718016145153543
confOf_de#c-1001355-3418487;iasted_en#c-6699217-8827140;iasted_en#c-9193120-6084737;0.4616161196485819
confOf_de#c-4532133-5374065;iasted_en#c-0999620-6234504;iasted_en#c-9193120-6084737;1.01153708305886
confOf_de#c-1803256-3977939;iasted_en#c-5688901-6766233;iasted_en#c-2396070-5020573;1.2007870141369308
confOf_de#c-2463275-9197848;iasted_en#c-2297379-6540044;iasted_en#c-9193120-6084737;0.9595811340609645
confOf_de#c-0652717-7598825;iasted_en#c-0579327-2823478;iasted_en#c-2396070-5020573;1.2282675490239034
