;target;prediction_target_1;metric_1
cmt_de#op-7761501-2770581;confOf_en#op-6734207-8272486;confOf_en#op-6508666-4665772;0.7854538227856841
cmt_de#ent-7525433-8535515;confOf_en#ent-4646280-6521925;confOf_en#op-8176347-7547891;0.4266894932152108
cmt_de#c-7914897-1988765;confOf_en#c-5307218-6000981;confOf_en#ent-0251198-5994761;1.1640676111472075
