;target;prediction_target_1;metric_1
conference_de#c-6600254-2450629;sigkdd_en#c-7357680-6909888;sigkdd_en#op-4778648-3039012;1.1300243548214817
conference_de#c-3040625-6424461;sigkdd_en#c-4512427-8358882;sigkdd_en#c-4834530-8825541;0.8241858691211188
conference_de#c-0369442-7501730;sigkdd_en#c-3705916-7930602;sigkdd_en#c-4834530-8825541;1.1159513236526981
conference_de#op-6034483-9201945;sigkdd_en#op-5101248-3088535;sigkdd_en#op-4778648-3039012;0.4299611627280433
