;target;prediction_target_1;metric_1
confOf_de#c-4439571-8274936;sigkdd_en#c-4408098-5910124;sigkdd_en#c-4834530-8825541;1.0371370465623504
confOf_de#ent-7472904-1496645;sigkdd_en#ent-6795922-7675825;sigkdd_en#ent-4408730-1320391;1.2311671517480895
confOf_de#c-8182861-6425712;sigkdd_en#c-5031073-5159430;sigkdd_en#c-3705916-7930602;1.191348601552792
confOf_de#c-0977717-2950137;sigkdd_en#c-7287097-6354392;sigkdd_en#c-4834530-8825541;1.0471053961252323
