;target;prediction_target_1;metric_1
confOf_en#c-6922761-6569068;sigkdd_de#c-2769827-8195865;_:Bf9f67623X2Dda96X2D4ccdX2Da2f2X2D5153e451d0e4;1.2486919871905608
confOf_en#ent-4532930-2199897;sigkdd_de#ent-0138865-5902109;sigkdd_de#op-2911102-2799433;1.2612852559983871
confOf_en#c-3734266-2898610;sigkdd_de#c-6217268-0289211;sigkdd_de#c-7606899-8734332;1.0993326924872617
confOf_en#c-5307218-6000981;sigkdd_de#c-9282764-4133286;sigkdd_de#c-7379473-9781356;1.2950861636773692
confOf_en#c-8897779-7605019;sigkdd_de#c-3760592-8292146;sigkdd_de#c-5541011-4485740;1.0379833965900687
