;target;prediction_target_1;metric_1
conference_en#c-6525918-2089133;iasted_de#c-2379893-4624688;iasted_de#c-2379893-4624688;0.3522115588198694
conference_en#c-0975007-5643450;iasted_de#c-6456542-4680337;iasted_de#c-6456542-4680337;0.24591072462143168
conference_en#c-9453090-9458986;iasted_de#c-6062149-5112025;iasted_de#c-6062149-5112025;0.4008570966321103
conference_en#c-0949358-2763718;iasted_de#c-6959391-5712840;iasted_de#c-6959391-5712840;0.433914689066576
conference_en#c-5623276-9536395;iasted_de#c-4201911-2867499;iasted_de#c-4201911-2867499;0.5044510271232725
conference_en#c-3417170-2349351;iasted_de#c-1912201-3885408;iasted_de#c-1912201-3885408;0.27409881697220617
conference_en#c-9170184-4807203;iasted_de#c-1608626-3325967;iasted_de#c-1608626-3325967;0.6857070784830902
conference_en#c-9609595-3810460;iasted_de#c-2372932-6696619;iasted_de#c-2372932-6696619;0.47863123984364686
