;target;prediction_target_1;metric_1
conference_en#c-4101654-3843816;iasted_de#c-4015742-9338748;iasted_de#c-2379893-4624688;1.0050944587543345
conference_en#c-0845815-7069476;iasted_de#c-4247837-9825706;_:B60f82414X2D2dd9X2D4de4X2Db188X2D9c01573a6f65;1.2494532610417668
conference_en#c-1481587-3387008;iasted_de#c-4122268-3045249;iasted_de#c-8622413-8169447;1.1802430347916557
conference_en#op-8498965-3154119;iasted_de#op-5817020-0959926;iasted_de#op-5594678-1842613;1.1543737483634722
conference_en#c-2974852-3474918;iasted_de#c-9964978-6784653;iasted_de#c-2372932-6696619;1.033776791863638
conference_en#c-9312690-4124149;iasted_de#c-5379764-4238098;iasted_de#c-2379893-4624688;1.011012583882669
