;target;prediction_target_1;metric_1
cmt_de#c-7606498-1774261;confOf_en#c-8897779-7605019;confOf_en#c-8897779-7605019;0.513148319758611
cmt_de#c-8082317-4346619;confOf_en#c-7155976-8510258;confOf_en#c-7155976-8510258;0.26575035458405644
cmt_de#c-2600954-3812137;confOf_en#c-5904090-2937490;confOf_en#c-5904090-2937490;0.23229862947328153
cmt_de#ent-7525433-8535515;confOf_en#ent-4646280-6521925;confOf_en#ent-4646280-6521925;0.1717013156703105
cmt_de#op-9131907-0871491;confOf_en#op-6508666-4665772;confOf_en#op-6508666-4665772;0.2355333981195102
cmt_de#c-7914897-1988765;confOf_en#c-5307218-6000981;confOf_en#c-5307218-6000981;0.2391638133989162
cmt_de#c-0277212-8406046;confOf_en#c-1804480-3618243;confOf_en#c-1804480-3618243;0.2520475673716852
cmt_de#ent-4152612-5306614;confOf_en#ent-4532930-2199897;confOf_en#ent-4532930-2199897;0.8386770736325136
