;target;prediction_target_1;metric_1
cmt_de#op-7761501-2770581;confOf_en#op-6734207-8272486;confOf_en#op-6508666-4665772;0.6178457556572853
cmt_de#c-7511748-5827387;confOf_en#c-3734266-2898610;confOf_en#c-8897779-7605019;0.5565952537340965
cmt_de#c-7221579-7498183;confOf_en#c-4888780-4443103;confOf_en#ent-4532930-2199897;0.9300917996836708
cmt_de#c-1253837-4887221;confOf_en#c-6834280-4912416;confOf_en#c-2124079-9413007;0.9391628512063496
cmt_de#op-3382350-0510939;confOf_en#op-1921350-5090826;confOf_en#op-6508666-4665772;0.7635979211744284
cmt_de#c-4872876-3932965;confOf_en#c-4940510-7116222;confOf_en#c-8897779-7605019;0.5264037542324506
cmt_de#op-3286624-6409948;confOf_en#op-8176347-7547891;confOf_en#ent-4646280-6521925;0.2606244898265855
cmt_de#c-9804348-4921383;confOf_en#c-6922761-6569068;_:B9cea5259X2D0b9cX2D41d7X2Da70eX2De608b566db1f;1.259622916890258
