;target;prediction_target_1;metric_1
conference_en#ent-4516568-5595755;confOf_de#ent-7472904-1496645;confOf_de#ent-7472904-1496645;0.4915853069670928
conference_en#c-2446635-7449628;confOf_de#c-8403504-7828299;confOf_de#c-8403504-7828299;0.2916151738418417
conference_en#c-3746645-9598977;confOf_de#c-0553488-4726167;confOf_de#c-0553488-4726167;0.23089321879948857
conference_en#c-6525918-2089133;confOf_de#c-2683474-6183904;confOf_de#c-2683474-6183904;0.4280575984672548
conference_en#c-0949358-2763718;confOf_de#c-2463275-9197848;confOf_de#c-2463275-9197848;0.3160015168350641
conference_en#c-4444483-2447834;confOf_de#c-8182861-6425712;confOf_de#c-8182861-6425712;0.38026731404496594
conference_en#ent-9588809-0668690;confOf_de#ent-9875824-2357826;confOf_de#ent-9875824-2357826;0.4480588165321797
