;target;prediction_target_1;metric_1
conference_en#c-5450625-9274279;confOf_de#c-2472530-7442299;confOf_de#c-2463275-9197848;1.2086155560101364
conference_en#c-8279198-9011918;confOf_de#c-3756950-6271891;confOf_de#c-0553488-4726167;0.9260629964714174
conference_en#c-7255821-5359025;confOf_de#c-6031375-0881001;confOf_de#ent-7472904-1496645;0.6656788222945421
conference_en#c-8376732-6542959;confOf_de#c-7620981-0130792;confOf_de#c-2463275-9197848;0.8219830255957692
conference_en#c-5732310-8306083;confOf_de#c-5598437-4596711;confOf_de#c-0553488-4726167;1.1319060269880012
conference_en#op-6979143-6235556;confOf_de#op-4302120-7233512;confOf_de#ent-9875824-2357826;0.780084588346844
conference_en#c-0975007-5643450;confOf_de#c-4345951-5264002;confOf_de#c-4532133-5374065;1.238250590090475
conference_en#ent-8856556-5729357;confOf_de#ent-0303881-5975791;confOf_de#ent-9875824-2357826;0.6120781008103375
