;target;prediction_target_1;metric_1
confOf_de#c-2683474-6183904;sigkdd_en#c-6792972-5439604;_:Bb4eacb13X2Dc4dbX2D4bc0X2D9463X2D382c1e2f72a8;1.2848699770849366
confOf_de#c-4439571-8274936;sigkdd_en#c-4408098-5910124;owl#Restriction;1.3258780170483866
confOf_de#ent-7472904-1496645;sigkdd_en#ent-6795922-7675825;_:B5d2aecf0X2D873fX2D4843X2D9adaX2Df941ae23658e;1.3252310290754405
confOf_de#c-4345951-5264002;sigkdd_en#c-4834530-8825541;owl#Restriction;1.2894036729803038
confOf_de#c-8182861-6425712;sigkdd_en#c-5031073-5159430;_:B4d464296X2D59eaX2D4a12X2Daa76X2Dace63710110d;1.269131360579733
confOf_de#c-0977717-2950137;sigkdd_en#c-7287097-6354392;sigkdd_en#c-8570424-4038182;1.287630293846362
confOf_de#c-0553488-4726167;sigkdd_en#c-3705916-7930602;sigkdd_en#c-3705916-7930602;1.2953297406141204
