;target;prediction_target_1;metric_1
cmt_en#c-1611583-0668331;conference_de#c-6828546-9901709;conference_de#c-6828546-9901709;0.22341093890266325
cmt_en#op-8575895-0911006;conference_de#op-1945545-2946293;conference_de#op-4737759-4638811;0.6493872093388245
cmt_en#c-6029021-0998116;conference_de#c-6508590-8109709;conference_de#c-6508590-8109709;0.3424481262140093
cmt_en#c-3387453-2881212;conference_de#c-7158328-5483937;conference_de#c-7158328-5483937;0.3893225167498589
