;target;prediction_target_1;metric_1
conference_de#op-4737759-4638811;confOf_en#op-8030807-5984904;confOf_en#op-8030807-5984904;0.35416981199453823
conference_de#c-2852856-4092117;confOf_en#c-3734266-2898610;confOf_en#c-3734266-2898610;0.05476803255778554
conference_de#ent-4771576-9028029;confOf_en#ent-8227140-2506031;confOf_en#ent-8227140-2506031;0.5379865663238529
