;target;prediction_target_1;metric_1
conference_de#c-3040625-6424461;sigkdd_en#c-4512427-8358882;sigkdd_en#c-4834530-8825541;0.875839538092544
conference_de#ent-5299945-7988874;sigkdd_en#ent-6795922-7675825;sigkdd_en#c-3967774-8138616;0.6134872782580866
conference_de#c-0369442-7501730;sigkdd_en#c-3705916-7930602;sigkdd_en#c-7357680-6909888;0.8032246442764797
conference_de#c-2807153-3693543;sigkdd_en#c-6792972-5439604;sigkdd_en#c-4448805-6156000;0.9258833144917721
conference_de#op-6034483-9201945;sigkdd_en#op-5101248-3088535;sigkdd_en#op-4778648-3039012;0.3766054675041087
