;target;prediction_target_1;metric_1
confOf_de#c-4345951-5264002;iasted_en#c-7587641-3301519;iasted_en#c-7587641-3301519;0.23221742945633897
confOf_de#c-1001355-3418487;iasted_en#c-6699217-8827140;iasted_en#c-6699217-8827140;0.272782012651173
confOf_de#c-1165971-3665910;iasted_en#c-9193120-6084737;iasted_en#c-9193120-6084737;0.3180153841589816
confOf_de#c-1803256-3977939;iasted_en#c-5688901-6766233;iasted_en#c-5688901-6766233;0.14945055366105836
confOf_de#c-0652717-7598825;iasted_en#c-0579327-2823478;iasted_en#c-0579327-2823478;0.2507754279954991
