;target;prediction_target_1;metric_1
confOf_de#c-8959319-1033837;iasted_en#c-6174362-9247294;iasted_en#c-0579327-2823478;1.2216816086185667
confOf_de#c-2683474-6183904;iasted_en#c-2396070-5020573;_:Bc535b20eX2D097eX2D4d12X2Da788X2D70ae296f4ff0;1.2162612073634853
confOf_de#c-4532133-5374065;iasted_en#c-0999620-6234504;iasted_en#c-9193120-6084737;0.9832052744786389
confOf_de#c-2463275-9197848;iasted_en#c-2297379-6540044;iasted_en#c-2467529-3634240;0.8720611641208735
