;target;prediction_target_1;metric_1
cmt_de#c-7914897-1988765;conference_en#c-4444483-2447834;conference_en#c-4444483-2447834;0.3459226827565352
cmt_de#c-3386094-8929437;conference_en#c-9312690-4124149;conference_en#c-9312690-4124149;0.2438264448036568
cmt_de#op-7181260-5606687;conference_en#op-8925105-7780939;conference_en#op-8925105-7780939;0.4304033483140947
cmt_de#c-7221579-7498183;conference_en#c-2446635-7449628;conference_en#c-2446635-7449628;0.2120525723006553
cmt_de#op-8350630-9441009;conference_en#op-3595853-4712760;conference_en#op-3595853-4712760;0.45222291876214293
