;target;prediction_target_1;metric_1
cmt_de#c-7511748-5827387;iasted_en#c-7587641-3301519;iasted_en#c-7587641-3301519;0.07534390685940279
cmt_de#c-2036030-6478102;iasted_en#c-4646685-6576496;iasted_en#c-4646685-6576496;0.12702135936668185
cmt_de#c-9804348-4921383;iasted_en#c-2396070-5020573;iasted_en#c-2396070-5020573;0.11237027987006257
