;target;prediction_target_1;metric_1
iasted_de#c-8671213-0734462;sigkdd_en#c-3800373-8198658;sigkdd_en#c-3800373-8198658;0.47346336616131285
iasted_de#c-6456542-4680337;sigkdd_en#c-4834530-8825541;sigkdd_en#c-4834530-8825541;0.09708876679512854
iasted_de#c-2379893-4624688;sigkdd_en#c-6792972-5439604;sigkdd_en#c-6792972-5439604;0.09505836026722556
iasted_de#c-1912201-3885408;sigkdd_en#c-8570424-4038182;sigkdd_en#c-8570424-4038182;0.060420894911864975
