;target;prediction_target_1;metric_1
cmt_de#c-7914897-1988765;sigkdd_en#c-5031073-5159430;sigkdd_en#c-4561947-0725440;1.2610668929786126
cmt_de#c-4872876-3932965;sigkdd_en#c-4408098-5910124;sigkdd_en#c-4408098-5910124;0.6789461132471409
cmt_de#c-5356419-0853732;sigkdd_en#c-5268789-8381535;sigkdd_en#c-4408098-5910124;0.666925759226902
cmt_de#ent-4152612-5306614;sigkdd_en#ent-6795922-7675825;sigkdd_en#c-4095132-8928036;1.1814515225571074
cmt_de#c-3554876-1135672;sigkdd_en#c-5937062-8520809;sigkdd_en#c-4448805-6156000;1.0871797844301463
cmt_de#c-7511748-5827387;sigkdd_en#c-4834530-8825541;sigkdd_en#c-7287097-6354392;0.5931950147480717
