;target;prediction_target_1;metric_1
cmt_en#c-3027646-3365825;conference_de#c-5694210-3113803;conference_de#c-5694210-3113803;0.2214006274772231
cmt_en#c-3027646-3365825;conference_de#c-3560304-9366401;conference_de#c-5694210-3113803;0.2214006274772231
cmt_en#c-3387453-2881212;conference_de#c-7158328-5483937;conference_de#c-7158328-5483937;0.24953752030317025
cmt_en#c-6029021-0998116;conference_de#c-6508590-8109709;conference_de#c-6508590-8109709;0.409626380041936
cmt_en#op-8575895-0911006;conference_de#op-1945545-2946293;conference_de#op-4737759-4638811;0.7556879916072431
