;target;prediction_target_1;metric_1
cmt_de#c-2036030-6478102;conference_en#c-2974852-3474918;conference_en#c-2974852-3474918;0.6711291829353871
cmt_de#c-7914897-1988765;conference_en#c-0918067-8070827;conference_en#c-0918067-8070827;0.5439243594330241
cmt_de#c-3554876-1135672;conference_en#c-7121259-3662514;conference_en#c-7121259-3662514;0.38810299909822155
