;target;prediction_target_1;metric_1
iasted_de#c-0797283-7567336;sigkdd_en#c-1144746-3205183;XMLSchema#dateTime;1.2045045928243465
iasted_de#c-8671213-0734462;sigkdd_en#c-3800373-8198658;sigkdd_en#c-4402529-2023643;0.9377290397442406
iasted_de#c-5119860-9323326;sigkdd_en#c-1350325-0780321;sigkdd_en#c-5937062-8520809;1.176673837782845
iasted_de#c-8935754-6759043;sigkdd_en#c-9932783-9574589;submit;1.025419425384399
iasted_de#c-1912201-3885408;sigkdd_en#c-8570424-4038182;sigkdd_en#c-1214605-4064522;0.981912988053704
