;target;prediction_target_1;metric_1
cmt_de#c-6476451-2581059;conference_en#c-3013589-3595599;conference_en#c-2974852-3474918;1.1057852601733147
cmt_de#c-7511748-5827387;conference_en#c-0975007-5643450;conference_en#c-8170886-3522509;0.6314989370199653
cmt_de#c-9804348-4921383;conference_en#c-6525918-2089133;conference_en#c-2974852-3474918;1.2157493969922728
cmt_de#ent-4152612-5306614;conference_en#ent-4516568-5595755;conference_en#c-2446635-7449628;0.5523033450432484
cmt_de#c-8450582-0542304;conference_en#c-0513615-7095489;conference_en#c-1432286-4789153;0.2074043689565493
cmt_de#c-3386094-8929437;conference_en#c-9312690-4124149;conference_en#c-0845815-7069476;1.094008302122512
cmt_de#c-3554876-1135672;conference_en#c-7121259-3662514;conference_en#c-2974852-3474918;1.0827106352224163
cmt_de#c-2276280-7516043;conference_en#c-4401355-0431935;_:Befa9b37cX2D2480X2D40d3X2Db2a1X2D7b997283d94a;0.9949295236929645
cmt_de#op-8350630-9441009;conference_en#op-3595853-4712760;conference_en#ent-9588809-0668690;0.9380809790997028
