;target;prediction_target_1;metric_1
cmt_de#c-2036030-6478102;conference_en#c-2974852-3474918;conference_en#c-2974852-3474918;0.6554738927292355
cmt_de#c-5403940-4193578;conference_en#c-8170886-3522509;conference_en#c-8170886-3522509;0.5546661574598803
cmt_de#c-7221579-7498183;conference_en#c-2446635-7449628;conference_en#c-2446635-7449628;0.4302533586597628
cmt_de#c-7914897-1988765;conference_en#c-4444483-2447834;conference_en#c-4444483-2447834;0.2623052207211617
cmt_de#c-7914897-1988765;conference_en#c-0918067-8070827;conference_en#c-4444483-2447834;0.2623052207211617
cmt_de#c-8450582-0542304;conference_en#c-1432286-4789153;conference_en#c-1432286-4789153;0.2074043689565493
cmt_de#op-7181260-5606687;conference_en#op-8925105-7780939;conference_en#op-8925105-7780939;0.714334650873425
