;target;prediction_target_1;metric_1
conference_de#c-2734491-0275940;confOf_en#c-2402287-2880350;confOf_en#ent-4532930-2199897;0.7398608182985459
conference_de#c-0369442-7501730;confOf_en#c-6834280-4912416;confOf_en#c-2124079-9413007;0.7986637284303212
conference_de#ent-4771576-9028029;confOf_en#ent-8227140-2506031;confOf_en#ent-4532930-2199897;0.9679656305828458
