;target;prediction_target_1;metric_1
conference_en#op-5728539-7928456;sigkdd_de#op-2955099-2207630;sigkdd_de#op-2955099-2207630;0.5130444519353361
conference_en#c-0975007-5643450;sigkdd_de#c-6217268-0289211;sigkdd_de#c-6217268-0289211;0.441833218458534
conference_en#c-2974852-3474918;sigkdd_de#c-6469555-3746715;sigkdd_de#c-9282764-4133286;1.0633128027815082
conference_en#c-4444483-2447834;sigkdd_de#c-9282764-4133286;sigkdd_de#c-9282764-4133286;0.37446189201520963
conference_en#c-9453090-9458986;sigkdd_de#c-9302905-7296086;sigkdd_de#c-9302905-7296086;0.7168181106644657
conference_en#ent-4516568-5595755;sigkdd_de#ent-0138865-5902109;sigkdd_de#c-9302905-7296086;0.7613410437676722
conference_en#c-6525918-2089133;sigkdd_de#c-2769827-8195865;sigkdd_de#c-2769827-8195865;0.31194889248203245
conference_en#c-7081035-6117083;sigkdd_de#c-0094164-6634357;sigkdd_de#c-0094164-6634357;0.5485158035341113
