;target;prediction_target_1;metric_1
conference_en#c-0513615-7095489;sigkdd_de#c-6985541-3131901;sigkdd_de#op-2955099-2207630;1.1186654665955351
conference_en#c-0153241-8442178;sigkdd_de#c-0695531-5412063;sigkdd_de#c-6217268-0289211;0.9254795856128164
conference_en#c-7121259-3662514;sigkdd_de#c-1052931-1641701;sigkdd_de#c-5524974-3116937;1.0747952973577093
conference_en#c-3746645-9598977;sigkdd_de#c-1975722-3062538;sigkdd_de#op-2222974-4946181;1.1370000067831274
conference_en#c-5005169-5278256;sigkdd_de#c-4301546-5674434;sigkdd_de#c-5524974-3116937;1.0691056384451547
conference_en#c-9312690-4124149;sigkdd_de#c-6140019-6453251;sigkdd_de#c-2769827-8195865;1.0941584976715986
conference_en#op-0316178-5626069;sigkdd_de#op-0836929-5233701;sigkdd_de#op-2955099-2207630;0.5603606423263284
