;target;prediction_target_1;metric_1
cmt_de#ent-4152612-5306614;sigkdd_en#ent-6795922-7675825;sigkdd_en#c-3800373-8198658;1.1681635845658411
cmt_de#c-3554876-1135672;sigkdd_en#c-5937062-8520809;sigkdd_en#c-4448805-6156000;1.0813292090167181
cmt_de#c-7511748-5827387;sigkdd_en#c-4834530-8825541;sigkdd_en#c-4408098-5910124;0.5482000487394817
