;target;prediction_target_1;metric_1
cmt_de#c-7914897-1988765;sigkdd_en#c-5031073-5159430;sigkdd_en#c-5031073-5159430;0.2145412623431139
cmt_de#c-0277212-8406046;sigkdd_en#c-3705916-7930602;sigkdd_en#c-3705916-7930602;0.3955374473049754
cmt_de#c-4872876-3932965;sigkdd_en#c-4408098-5910124;sigkdd_en#c-4408098-5910124;0.31983845723694987
cmt_de#c-3386094-8929437;sigkdd_en#c-4448805-6156000;sigkdd_en#c-4448805-6156000;0.289098883517055
cmt_de#c-5356419-0853732;sigkdd_en#c-5268789-8381535;sigkdd_en#c-5268789-8381535;0.4206610111640355
cmt_de#c-2036030-6478102;sigkdd_en#c-3661201-8652994;sigkdd_en#c-7218530-9921151;1.0229209353926474
cmt_de#c-7606498-1774261;sigkdd_en#c-7287097-6354392;sigkdd_en#c-7287097-6354392;0.38637487044375957
cmt_de#op-5588430-7223994;sigkdd_en#op-4588680-8309474;sigkdd_en#op-4588680-8309474;0.34934425749619197
cmt_de#c-9804348-4921383;sigkdd_en#c-6792972-5439604;sigkdd_en#c-6792972-5439604;0.19771116304472905
