;target;prediction_target_1;metric_1
iasted_de#c-5119860-9323326;sigkdd_en#c-1350325-0780321;sigkdd_en#c-1350325-0780321;0.009687854681362589
iasted_de#c-6456542-4680337;sigkdd_en#c-4834530-8825541;sigkdd_en#c-4834530-8825541;0.06994278777531121
iasted_de#c-4201911-2867499;sigkdd_en#c-1214605-4064522;sigkdd_en#c-1214605-4064522;0.12160270843079095
