;target;prediction_target_1;metric_1
cmt_en#c-4062369-5383392;sigkdd_de#c-5541011-4485740;sigkdd_de#c-6469555-3746715;1.0480630389434271
cmt_en#c-8693270-2767092;sigkdd_de#c-6140019-6453251;sigkdd_de#c-0094164-6634357;1.1962539005969637
cmt_en#c-2079829-2275666;sigkdd_de#c-7606899-8734332;owl#Ontology;1.1349955906104383
cmt_en#ent-1648737-1451089;sigkdd_de#ent-0138865-5902109;aussteller;1.2527906422834538
cmt_en#c-5375467-1655905;sigkdd_de#c-1052931-1641701;sigkdd_de#c-0094164-6634357;1.0238901822116317
cmt_en#c-6062733-3218604;sigkdd_de#c-3760592-8292146;sigkdd_de#c-6469555-3746715;1.0384125450860642
cmt_en#c-2074692-1147118;sigkdd_de#c-6217268-0289211;sigkdd_de#c-6469555-3746715;1.0970370923742803
cmt_en#op-4706944-2787728;sigkdd_de#op-7778495-5250855;_:Be08258c6X2D1418X2D4054X2Da392X2D1cda3625186f;1.1000172712010112
cmt_en#c-9519178-7885109;sigkdd_de#c-2769827-8195865;sigkdd_de#c-7783492-1910067;1.0718039558810863
