;target;prediction_target_1;metric_1
cmt_en#c-3027646-3365825;sigkdd_de#c-9282764-4133286;sigkdd_de#c-9282764-4133286;0.046508526040253524
cmt_en#c-5409377-9286012;sigkdd_de#c-1975722-3062538;sigkdd_de#c-1975722-3062538;0.10020575284102652
cmt_en#c-6029021-0998116;sigkdd_de#c-6469555-3746715;sigkdd_de#c-6469555-3746715;0.7576088909820342
