;target;prediction_target_1;metric_1
conference_en#c-0153241-8442178;sigkdd_de#c-0695531-5412063;sigkdd_de#c-6217268-0289211;0.925615469170669
conference_en#op-5728539-7928456;sigkdd_de#op-2955099-2207630;sigkdd_de#op-0836929-5233701;0.3955820831380087
conference_en#c-7121259-3662514;sigkdd_de#c-1052931-1641701;sigkdd_de#c-9282764-4133286;1.0178202360527353
conference_en#c-4444483-2447834;sigkdd_de#c-9282764-4133286;sigkdd_de#c-5850113-5122819;1.023873060565232
conference_en#c-9453090-9458986;sigkdd_de#c-9302905-7296086;owl#equivalentClass;1.196978579287418
conference_en#ent-4516568-5595755;sigkdd_de#ent-0138865-5902109;auf;1.2132502974507111
conference_en#c-3746645-9598977;sigkdd_de#c-1975722-3062538;sigkdd_de#c-6985541-3131901;0.7925844076796185
conference_en#c-5005169-5278256;sigkdd_de#c-4301546-5674434;sigkdd_de#c-9282764-4133286;0.9867092295251159
conference_en#c-6525918-2089133;sigkdd_de#c-2769827-8195865;sigkdd_de#c-6140019-6453251;0.9112064532068328
