;target;prediction_target_1;metric_1
conference_en#c-0513615-7095489;sigkdd_de#c-6985541-3131901;sigkdd_de#c-6985541-3131901;0.5702855718517024
conference_en#c-0975007-5643450;sigkdd_de#c-6217268-0289211;sigkdd_de#c-6217268-0289211;0.30284894532701817
conference_en#c-2974852-3474918;sigkdd_de#c-6469555-3746715;sigkdd_de#c-6469555-3746715;0.7041423234234762
conference_en#c-9312690-4124149;sigkdd_de#c-6140019-6453251;sigkdd_de#c-6140019-6453251;0.27413630621177015
conference_en#c-7081035-6117083;sigkdd_de#c-0094164-6634357;sigkdd_de#c-0094164-6634357;0.6520846157497033
conference_en#op-0316178-5626069;sigkdd_de#op-0836929-5233701;sigkdd_de#op-0836929-5233701;0.3482385610807055
