;target;prediction_target_1;metric_1
confOf_en#c-4184138-3261067;iasted_de#c-9753371-0023373;iasted_de#c-9753371-0023373;0.28258375315741086
confOf_en#c-3734266-2898610;iasted_de#c-6456542-4680337;iasted_de#c-6456542-4680337;0.41098916095753985
confOf_en#c-6922761-6569068;iasted_de#c-2379893-4624688;iasted_de#c-2379893-4624688;0.19657326225618954
confOf_en#c-9180297-9494437;iasted_de#c-5921217-1214579;iasted_de#c-5921217-1214579;0.1567151298102145
confOf_en#c-5948332-3267518;iasted_de#c-1251407-2550325;iasted_de#c-1251407-2550325;0.33982681200997616
confOf_en#c-9890668-1988204;iasted_de#c-6959391-5712840;iasted_de#c-6959391-5712840;0.43753402032057026
confOf_en#c-3748486-8385244;iasted_de#c-5666659-9715348;iasted_de#c-5666659-9715348;0.27800506934801916
