;target;prediction_target_1;metric_1
confOf_en#c-5404723-6232359;iasted_de#c-2743144-1626551;iasted_de#c-5921217-1214579;0.9293688129405419
confOf_en#c-5851222-7607068;iasted_de#c-2903473-8446322;iasted_de#c-5921217-1214579;0.6361340328846722
