;target;prediction_target_1;metric_1
iasted_en#c-3616860-0256541;sigkdd_de#c-1670757-7005751;person;1.1960430456842455
iasted_en#c-4646685-6576496;sigkdd_de#c-6469555-3746715;sigkdd_de#c-6217268-0289211;1.233002642199373
iasted_en#c-7464317-0926432;sigkdd_de#c-9302905-7296086;sigkdd_de#c-3867058-2838516;1.0237336360758644
iasted_en#c-0409829-5411561;sigkdd_de#c-5524974-3116937;sigkdd_de#c-7203961-8308851;0.9135924928829553
iasted_en#c-3686523-4526492;sigkdd_de#c-9038315-6127488;sigkdd_de#c-4711434-5769445;1.3192649401782912
iasted_en#c-3390147-9518013;sigkdd_de#c-7753839-9560987;sigkdd_de;1.1629540980598059
iasted_en#c-2396070-5020573;sigkdd_de#c-2769827-8195865;owl#equivalentClass;1.2465256798212891
iasted_en#c-4700670-6960019;sigkdd_de#c-4711434-5769445;sigkdd_de#c-6217268-0289211;1.102738451065995
