;target;prediction_target_1;metric_1
iasted_en#c-8889798-1079873;sigkdd_de#c-7808089-4928984;sigkdd_de#c-7808089-4928984;0.8660502856061371
iasted_en#c-9595802-8962494;sigkdd_de#c-3867058-2838516;sigkdd_de#c-3867058-2838516;0.24056123011045644
iasted_en#c-9677685-8341994;sigkdd_de#c-3477390-2381487;sigkdd_de#c-3477390-2381487;0.16252661261395027
iasted_en#c-3433144-4931823;sigkdd_de#c-5850113-5122819;sigkdd_de#c-5850113-5122819;0.7468794661376982
iasted_en#c-7587641-3301519;sigkdd_de#c-6217268-0289211;sigkdd_de#c-6217268-0289211;0.1357886611115596
iasted_en#c-0995110-2084431;sigkdd_de#c-7783492-1910067;sigkdd_de#c-7783492-1910067;0.7414738603974711
iasted_en#c-3110153-2691987;sigkdd_de#c-7203961-8308851;sigkdd_de#c-7203961-8308851;0.21893359753701852
