;target;prediction_target_1;metric_1
conference_en#c-6525918-2089133;confOf_de#c-2683474-6183904;confOf_de#c-8182861-6425712;0.9901627528716302
conference_en#c-0949358-2763718;confOf_de#c-2463275-9197848;confOf_de#c-7620981-0130792;0.6299581734180321
conference_en#op-6979143-6235556;confOf_de#op-4302120-7233512;confOf_de#ent-9875824-2357826;1.0499538950310494
conference_en#ent-8856556-5729357;confOf_de#ent-0303881-5975791;confOf_de#ent-7472904-1496645;0.7912593118092981
