;target;prediction_target_1;metric_1
conference_de#c-2852856-4092117;iasted_en#c-7587641-3301519;iasted_en#c-7587641-3301519;0.28208371410705907
conference_de#op-5642484-4870984;iasted_en#op-1301961-3228494;iasted_en#op-1301961-3228494;0.5503161479027671
conference_de#c-6508590-8109709;iasted_en#c-4646685-6576496;iasted_en#c-4646685-6576496;0.25168247785648584
conference_de#c-7521012-9493261;iasted_en#c-0201298-3231355;iasted_en#c-0201298-3231355;0.15490915128556376
