;target;prediction_target_1;metric_1
cmt_en#ent-1648737-1451089;sigkdd_de#ent-0138865-5902109;sigkdd_de#ent-0138865-5902109;0.433389612457313
cmt_en#c-6062733-3218604;sigkdd_de#c-3760592-8292146;sigkdd_de#c-3760592-8292146;0.09833950277721518
