;target;prediction_target_1;metric_1
confOf_de#c-4345951-5264002;iasted_en#c-7587641-3301519;iasted_en#c-0579327-2823478;1.2218154505010963
confOf_de#c-1001355-3418487;iasted_en#c-6699217-8827140;iasted_en#c-2297379-6540044;1.1386840621896053
confOf_de#c-1165971-3665910;iasted_en#c-9193120-6084737;iasted_en#c-0999620-6234504;1.0524494443548909
