;target;prediction_target_1;metric_1
confOf_de#c-8959319-1033837;iasted_en#c-6174362-9247294;iasted_en#c-6174362-9247294;0.30805929108882996
confOf_de#c-2683474-6183904;iasted_en#c-2396070-5020573;iasted_en#c-2396070-5020573;0.22487840009514193
confOf_de#c-4532133-5374065;iasted_en#c-0999620-6234504;iasted_en#c-0999620-6234504;0.25959153914397637
confOf_de#c-1803256-3977939;iasted_en#c-5688901-6766233;iasted_en#c-5688901-6766233;0.2407316519872943
confOf_de#c-2463275-9197848;iasted_en#c-2297379-6540044;iasted_en#c-2297379-6540044;0.30891990312247697
confOf_de#c-0652717-7598825;iasted_en#c-0579327-2823478;iasted_en#c-0579327-2823478;0.15486472478925192
