;target;prediction_target_1;metric_1
conference_de#c-0369442-7501730;confOf_en#c-6834280-4912416;confOf_en#c-6834280-4912416;0.0557017708760135
conference_de#c-1479504-0321675;confOf_en#c-9890668-1988204;confOf_en#c-9890668-1988204;0.12587327175602564
