;target;prediction_target_1;metric_1
conference_de#c-2731220-6600456;iasted_en#c-0887025-3124194;iasted_en#c-0201298-3231355;1.1203003197956125
conference_de#c-2807153-3693543;iasted_en#c-2396070-5020573;iasted_en#c-2174181-3520068;0.8693274110639813
conference_de#c-6041715-6986615;iasted_en#c-1873801-1221522;iasted_en#c-0201298-3231355;1.099043594966707
conference_de#c-1479504-0321675;iasted_en#c-2297379-6540044;_:B9b4d019fX2D55aaX2D4b79X2D94e6X2D0f7600b45e0c;0.9994841653621458
conference_de#op-5642484-4870984;iasted_en#op-1301961-3228494;iasted_en#c-3336428-2571907;1.2269997210027528
conference_de#c-1308924-1537645;iasted_en#c-3686523-4526492;iasted_en#c-7587641-3301519;0.9498431611190924
conference_de#c-2883309-0508630;iasted_en#c-4700670-6960019;iasted_en#c-7587641-3301519;0.9872227118595346
conference_de#c-9365621-4628022;iasted_en#c-2980826-1784096;iasted_en#c-6088495-8861567;0.6524040524107012
