;target;prediction_target_1;metric_1
conference_de#c-2365620-6793184;iasted_en#c-2174181-3520068;iasted_en#c-2174181-3520068;0.38300471000381636
conference_de#c-2852856-4092117;iasted_en#c-7587641-3301519;iasted_en#c-7587641-3301519;0.4717039758737373
conference_de#c-7096317-3412127;iasted_en#c-7464317-0926432;iasted_en#c-7464317-0926432;0.520237166277662
conference_de#c-1450635-6067268;iasted_en#c-6088495-8861567;iasted_en#c-6088495-8861567;0.5142048294700124
conference_de#c-6508590-8109709;iasted_en#c-4646685-6576496;iasted_en#c-4646685-6576496;0.27194698959262936
conference_de#c-7521012-9493261;iasted_en#c-0201298-3231355;iasted_en#c-0201298-3231355;0.2294043210362644
