;target;prediction_target_1;metric_1
confOf_de#c-4345951-5264002;iasted_en#c-7587641-3301519;_:B24cbaf32X2D3302X2D4be9X2Db49bX2Db0f5b67b53e7;1.196392680003405
confOf_de#c-1001355-3418487;iasted_en#c-6699217-8827140;iasted_en#c-9193120-6084737;0.5538369483481121
confOf_de#c-4532133-5374065;iasted_en#c-0999620-6234504;iasted_en#c-9193120-6084737;1.0321071214707649
confOf_de#c-2463275-9197848;iasted_en#c-2297379-6540044;iasted_en#c-9193120-6084737;0.9250468584550525
