;target;prediction_target_1;metric_1
confOf_de#c-8959319-1033837;iasted_en#c-6174362-9247294;iasted_en#c-6174362-9247294;0.24332500993294934
confOf_de#c-2683474-6183904;iasted_en#c-2396070-5020573;iasted_en#c-2396070-5020573;0.25952302845040043
confOf_de#c-1165971-3665910;iasted_en#c-9193120-6084737;iasted_en#c-9193120-6084737;0.27471316356797715
confOf_de#c-1803256-3977939;iasted_en#c-5688901-6766233;iasted_en#c-5688901-6766233;0.2583422914200545
confOf_de#c-0652717-7598825;iasted_en#c-0579327-2823478;iasted_en#c-0579327-2823478;0.18693194810530187
