;target;prediction_target_1;metric_1
iasted_en#c-8889798-1079873;sigkdd_de#c-7808089-4928984;sigkdd_de#c-7808089-4928984;0.5142346055464593
iasted_en#c-9677685-8341994;sigkdd_de#c-3477390-2381487;sigkdd_de#c-3477390-2381487;0.04229793076271996
iasted_en#c-3433144-4931823;sigkdd_de#c-5850113-5122819;sigkdd_de#c-5850113-5122819;0.3821909016805597
iasted_en#c-0995110-2084431;sigkdd_de#c-7783492-1910067;mitglieder;0.6151347647529364
