;target;prediction_target_1;metric_1
cmt_en#c-2074692-1147118;confOf_de#c-4345951-5264002;confOf_de#c-4345951-5264002;0.3951164802751525
cmt_en#c-8066557-3199962;confOf_de#c-4973711-7358267;confOf_de#c-4973711-7358267;0.3568573694826817
cmt_en#ent-7592571-9671564;confOf_de#ent-5742004-8000728;confOf_de#ent-5742004-8000728;0.3562927822803296
cmt_en#c-4413043-1523228;confOf_de#c-0553488-4726167;confOf_de#c-0553488-4726167;0.19362046691755078
cmt_en#c-4062369-5383392;confOf_de#c-4439571-8274936;confOf_de#c-4439571-8274936;0.2936689317025789
cmt_en#op-2852745-7435295;confOf_de#op-4508989-0566286;confOf_de#op-4508989-0566286;0.3300752680343313
cmt_en#c-5409377-9286012;confOf_de#c-5598437-4596711;confOf_de#c-5598437-4596711;0.1159641916842233
cmt_en#ent-1648737-1451089;confOf_de#ent-7472904-1496645;confOf_de#ent-7472904-1496645;0.8028170367533264
