;target;prediction_target_1;metric_1
cmt_en#op-2611597-4191733;confOf_de#op-1722644-5121501;confOf_de#c-0553488-4726167;0.9991933270985293
cmt_en#c-6062733-3218604;confOf_de#c-0977717-2950137;confOf_de#c-4439571-8274936;0.6487581877642294
cmt_en#c-3355504-9442806;confOf_de#c-3286368-6722233;confOf_de#c-4345951-5264002;0.8842069538806869
cmt_en#c-3969637-3563037;confOf_de#c-8403504-7828299;confOf_de#ent-7472904-1496645;0.9140364239600134
cmt_en#op-8724798-7163354;confOf_de#op-0668174-3248392;confOf_de#op-4508989-0566286;1.1093312143690393
cmt_en#op-7452997-4133095;confOf_de#op-9873670-8357831;confOf_de#ent-5742004-8000728;0.8733190978836963
cmt_en#c-3027646-3365825;confOf_de#c-8182861-6425712;zur;1.2139522774949159
cmt_en#c-9519178-7885109;confOf_de#c-2683474-6183904;confOf_de#c-8403504-7828299;1.183530515435223
