;target;prediction_target_1;metric_1
confOf_en#c-3734266-2898610;iasted_de#c-6456542-4680337;_:B8942cd91X2D301eX2D4166X2Dbd37X2D415e4f1f047a;1.2538264038947855
confOf_en#c-6922761-6569068;iasted_de#c-2379893-4624688;iasted_de#c-5666659-9715348;1.2443283291627598
confOf_en#c-5851222-7607068;iasted_de#c-2903473-8446322;iasted_de#c-5921217-1214579;0.6426747398890178
confOf_en#c-9890668-1988204;iasted_de#c-6959391-5712840;iasted_de#c-5921217-1214579;1.0526396737957324
