;target;prediction_target_1;metric_1
confOf_en#c-4184138-3261067;iasted_de#c-9753371-0023373;iasted_de#c-9753371-0023373;0.3084696060966838
confOf_en#c-9180297-9494437;iasted_de#c-5921217-1214579;iasted_de#c-5921217-1214579;0.30160404148174197
confOf_en#c-5404723-6232359;iasted_de#c-2743144-1626551;iasted_de#c-2743144-1626551;0.3015547856017234
confOf_en#c-5948332-3267518;iasted_de#c-1251407-2550325;iasted_de#c-1251407-2550325;0.2881020803724012
confOf_en#c-3748486-8385244;iasted_de#c-5666659-9715348;iasted_de#c-5666659-9715348;0.05612291473351009
