;target;prediction_target_1;metric_1
confOf_de#c-8959319-1033837;iasted_en#c-6174362-9247294;iasted_en#c-5688901-6766233;1.1504270248897368
confOf_de#c-2683474-6183904;iasted_en#c-2396070-5020573;iasted_en#c-5688901-6766233;1.204379682043067
confOf_de#c-1165971-3665910;iasted_en#c-9193120-6084737;iasted_en#c-6699217-8827140;0.5522318884708082
confOf_de#c-2463275-9197848;iasted_en#c-2297379-6540044;iasted_en#c-9362556-8487981;1.0567710961505046
confOf_de#c-0652717-7598825;iasted_en#c-0579327-2823478;iasted_en#c-5688901-6766233;0.9565199753123875
