;target;prediction_target_1;metric_1
cmt_de#op-7181260-5606687;conference_en#op-8925105-7780939;conference_en#op-3595853-4712760;1.042368816423552
cmt_de#c-7914897-1988765;conference_en#c-0918067-8070827;conference_en#c-4444483-2447834;0.6077459619335707
cmt_de#c-3554876-1135672;conference_en#c-7121259-3662514;conference_en#c-4101654-3843816;1.0171564659660213
