;target;prediction_target_1;metric_1
iasted_de#c-0797283-7567336;sigkdd_en#c-1144746-3205183;obtained;1.1448431297005086
iasted_de#c-6062149-5112025;sigkdd_en#c-3967774-8138616;sigkdd_en#c-4402529-2023643;1.0980861026416104
iasted_de#c-1107430-2739895;sigkdd_en#c-6356419-4596819;sigkdd_en#c-6722062-3545965;1.1887791632409836
iasted_de#c-3927158-8920929;sigkdd_en#c-7201186-4592712;sigkdd_en#c-4561947-0725440;0.8533974529532263
iasted_de#c-4201911-2867499;sigkdd_en#c-1214605-4064522;sigkdd_en#c-8570424-4038182;1.1034752786766362
