;target;prediction_target_1;metric_1
cmt_en#c-3027646-3365825;sigkdd_de#c-9282764-4133286;sigkdd_de#c-9282764-4133286;0.22039568843623636
cmt_en#c-4062369-5383392;sigkdd_de#c-5541011-4485740;sigkdd_de#c-5541011-4485740;0.3643304888641379
cmt_en#c-2079829-2275666;sigkdd_de#c-7606899-8734332;sigkdd_de#c-9038315-6127488;0.5806771326844886
cmt_en#ent-1648737-1451089;sigkdd_de#ent-0138865-5902109;sigkdd_de#ent-0138865-5902109;0.9523216394338836
cmt_en#c-6029021-0998116;sigkdd_de#c-6469555-3746715;mitteilung;0.9350091722174956
cmt_en#c-5375467-1655905;sigkdd_de#c-1052931-1641701;sigkdd_de#c-1052931-1641701;0.6926863839663813
cmt_en#c-6062733-3218604;sigkdd_de#c-3760592-8292146;sigkdd_de#c-3760592-8292146;0.4324593110478975
cmt_en#c-2074692-1147118;sigkdd_de#c-6217268-0289211;sigkdd_de#c-6217268-0289211;0.5892852959665416
cmt_en#op-4706944-2787728;sigkdd_de#op-7778495-5250855;sigkdd_de#op-7778495-5250855;0.43830136780130385
