;target;prediction_target_1;metric_1
cmt_en#c-5409377-9286012;sigkdd_de#c-1975722-3062538;deadline;1.0618396129617
cmt_en#c-8693270-2767092;sigkdd_de#c-6140019-6453251;sigkdd_de#c-1052931-1641701;1.1176161347613274
cmt_en#c-9519178-7885109;sigkdd_de#c-2769827-8195865;sigkdd_de#c-1052931-1641701;1.1805310102962294
