;target;prediction_target_1;metric_1
cmt_en#c-2074692-1147118;iasted_de#c-6456542-4680337;iasted_de#c-6456542-4680337;0.07161197700214796
cmt_en#c-9519178-7885109;iasted_de#c-2379893-4624688;iasted_de#c-2379893-4624688;0.035556524160290294
cmt_en#c-8707801-9291338;iasted_de#c-4015742-9338748;iasted_de#c-4015742-9338748;0.06728265082877086
