;target;prediction_target_1;metric_1
cmt_de#c-2036030-6478102;iasted_en#c-4646685-6576496;iasted_en#c-4646685-6576496;0.38567175605714804
cmt_de#c-9804348-4921383;iasted_en#c-2396070-5020573;iasted_en#c-2396070-5020573;0.12381907133745142
cmt_de#c-5062955-9564132;iasted_en#c-2174181-3520068;iasted_en#c-2174181-3520068;0.3192013709804697
