;target;prediction_target_1;metric_1
cmt_en#c-3027646-3365825;confOf_de#c-8182861-6425712;confOf_de#c-8182861-6425712;0.06381184946014608
cmt_en#c-4062369-5383392;confOf_de#c-4439571-8274936;confOf_de#c-4439571-8274936;0.09147329948453006
cmt_en#c-5409377-9286012;confOf_de#c-5598437-4596711;confOf_de#c-5598437-4596711;0.13707859848092846
cmt_en#ent-1648737-1451089;confOf_de#ent-7472904-1496645;confOf_de#ent-7472904-1496645;0.5255892951463352
