;target;prediction_target_1;metric_1
confOf_en#c-4184138-3261067;iasted_de#c-9753371-0023373;iasted_de#c-1251407-2550325;1.1525307514213978
confOf_en#c-3734266-2898610;iasted_de#c-6456542-4680337;iasted_de#op-0368918-3051572;1.2897785735345504
confOf_en#c-5404723-6232359;iasted_de#c-2743144-1626551;iasted_de#c-5921217-1214579;0.8850260900741168
confOf_en#c-5851222-7607068;iasted_de#c-2903473-8446322;iasted_de#c-5921217-1214579;0.646276634770848
confOf_en#c-9890668-1988204;iasted_de#c-6959391-5712840;iasted_de#c-5921217-1214579;0.9331563351417064
confOf_en#c-3748486-8385244;iasted_de#c-5666659-9715348;iasted_de#c-1251407-2550325;1.0144878228077536
