;target;prediction_target_1;metric_1
confOf_en#ent-4532930-2199897;sigkdd_de#ent-0138865-5902109;sigkdd_de#ent-0138865-5902109;1.194463208375784
confOf_en#c-5307218-6000981;sigkdd_de#c-9282764-4133286;_:Bf1472598X2D3622X2D49b1X2D889aX2D2e6fe994de1e;1.2773510473323095
confOf_en#c-8897779-7605019;sigkdd_de#c-3760592-8292146;sigkdd_de#ent-0138865-5902109;1.1036302779149758
