;target;prediction_target_1;metric_1
confOf_en#c-6922761-6569068;sigkdd_de#c-2769827-8195865;sigkdd_de#c-2769827-8195865;0.23533884288864473
confOf_en#c-4940510-7116222;sigkdd_de#c-5541011-4485740;sigkdd_de#c-6801077-9660974;0.3167496618320314
confOf_en#c-3734266-2898610;sigkdd_de#c-6217268-0289211;sigkdd_de#c-6217268-0289211;0.18221071508349754
confOf_en#c-6834280-4912416;sigkdd_de#c-1975722-3062538;sigkdd_de#c-1975722-3062538;0.2155062712331903
