;target;prediction_target_1;metric_1
cmt_de#c-7914897-1988765;conference_en#c-0918067-8070827;conference_en#c-0918067-8070827;0.015630825336202112
cmt_de#c-7221579-7498183;conference_en#c-2446635-7449628;conference_en#c-2446635-7449628;0.1571166381306924
