;target;prediction_target_1;metric_1
cmt_de#c-7914897-1988765;sigkdd_en#c-5031073-5159430;sigkdd_en#op-5101248-3088535;1.3103375656854517
cmt_de#c-0277212-8406046;sigkdd_en#c-3705916-7930602;sigkdd_en#ent-5985310-3715518;1.135847349455548
cmt_de#c-5356419-0853732;sigkdd_en#c-5268789-8381535;sigkdd_en#c-7287097-6354392;0.5661077993751543
cmt_de#c-3554876-1135672;sigkdd_en#c-5937062-8520809;sigkdd_en#c-4448805-6156000;1.0492790556112344
cmt_de#c-7511748-5827387;sigkdd_en#c-4834530-8825541;sigkdd_en#c-4249220-5767505;0.43617377640665317
cmt_de#op-5588430-7223994;sigkdd_en#op-4588680-8309474;sigkdd_en#ent-5985310-3715518;1.1094196110231096
