;target;prediction_target_1;metric_1
cmt_de#c-4872876-3932965;sigkdd_en#c-4408098-5910124;sigkdd_en#c-4408098-5910124;0.21210004335618213
cmt_de#c-3386094-8929437;sigkdd_en#c-4448805-6156000;sigkdd_en#c-4448805-6156000;0.17970038653045015
cmt_de#ent-4152612-5306614;sigkdd_en#ent-6795922-7675825;sigkdd_en#ent-6795922-7675825;0.5932310842189662
cmt_de#c-2036030-6478102;sigkdd_en#c-3661201-8652994;sigkdd_en#c-3661201-8652994;0.6175751931950191
cmt_de#c-7606498-1774261;sigkdd_en#c-7287097-6354392;sigkdd_en#c-7287097-6354392;0.2799908477820203
cmt_de#c-9804348-4921383;sigkdd_en#c-6792972-5439604;sigkdd_en#c-6792972-5439604;0.19374556938835405
