;target;prediction_target_1;metric_1
cmt_en#c-2074692-1147118;iasted_de#c-6456542-4680337;iasted_de#c-4015742-9338748;0.8232046218366159
cmt_en#c-6029021-0998116;iasted_de#c-9964978-6784653;iasted_de#c-4015742-9338748;1.1474356740020262
cmt_en#c-9519178-7885109;iasted_de#c-2379893-4624688;_:Bfc115b3cX2D3efcX2D4bc0X2D9aebX2De261e14bb734;1.272579872115799
