;target;prediction_target_1;metric_1
conference_en#c-0845815-7069476;iasted_de#c-4247837-9825706;iasted_de#c-5379764-4238098;1.0033332697017106
conference_en#c-1481587-3387008;iasted_de#c-4122268-3045249;iasted_de#c-5379764-4238098;0.9284751166038612
conference_en#c-9453090-9458986;iasted_de#c-6062149-5112025;iasted_de#c-3505414-4959303;1.2298082304157931
conference_en#c-0949358-2763718;iasted_de#c-6959391-5712840;iasted_de#c-9964978-6784653;1.1068742463614838
conference_en#op-8498965-3154119;iasted_de#op-5817020-0959926;iasted_de#c-7566504-2413752;1.2123287990415221
conference_en#c-5623276-9536395;iasted_de#c-4201911-2867499;iasted_de#c-1912201-3885408;0.6014506891500233
conference_en#c-9170184-4807203;iasted_de#c-1608626-3325967;iasted_de#c-4015742-9338748;1.187144032619609
conference_en#c-9609595-3810460;iasted_de#c-2372932-6696619;iasted_de#c-9964978-6784653;0.8730657759010731
