;target;prediction_target_1;metric_1
conference_en#c-4101654-3843816;iasted_de#c-4015742-9338748;iasted_de#c-4015742-9338748;0.5220051014265181
conference_en#c-6525918-2089133;iasted_de#c-2379893-4624688;iasted_de#c-2379893-4624688;0.4378369194107272
conference_en#c-0975007-5643450;iasted_de#c-6456542-4680337;iasted_de#c-6456542-4680337;0.49436389016799154
conference_en#c-3417170-2349351;iasted_de#c-1912201-3885408;iasted_de#c-1912201-3885408;0.22560667760762107
conference_en#c-2974852-3474918;iasted_de#c-9964978-6784653;iasted_de#c-9964978-6784653;0.49676023270788405
conference_en#c-9312690-4124149;iasted_de#c-5379764-4238098;iasted_de#c-5379764-4238098;0.34625834962589747
