;target;prediction_target_1;metric_1
cmt_de#op-3286624-6409948;confOf_en#op-8176347-7547891;confOf_en#op-8176347-7547891;0.018615520375421697
cmt_de#c-9804348-4921383;confOf_en#c-6922761-6569068;confOf_en#c-6922761-6569068;0.0220006796873232
