;target;prediction_target_1;metric_1
cmt_de#c-7511748-5827387;iasted_en#c-7587641-3301519;iasted_en#c-7705854-6281452;1.2773504580910442
cmt_de#c-9804348-4921383;iasted_en#c-2396070-5020573;iasted_en#c-7587641-3301519;1.198865634265967
cmt_de#c-5062955-9564132;iasted_en#c-2174181-3520068;iasted_en#c-4646685-6576496;1.2666302820022664
