;target;prediction_target_1;metric_1
conference_en#c-7255821-5359025;confOf_de#c-6031375-0881001;confOf_de#c-6031375-0881001;0.4263890684020569
conference_en#op-6979143-6235556;confOf_de#op-4302120-7233512;confOf_de#op-4302120-7233512;0.40490077618708037
conference_en#c-0975007-5643450;confOf_de#c-4345951-5264002;confOf_de#c-4345951-5264002;0.0681661339449071
conference_en#ent-8856556-5729357;confOf_de#ent-0303881-5975791;confOf_de#ent-0303881-5975791;0.6161043427169828
