;target;prediction_target_1;metric_1
confOf_de#c-8959319-1033837;iasted_en#c-6174362-9247294;iasted_en#c-6174362-9247294;0.15234382425473134
confOf_de#c-4345951-5264002;iasted_en#c-7587641-3301519;iasted_en#c-7587641-3301519;0.14079549770571376
confOf_de#c-1001355-3418487;iasted_en#c-6699217-8827140;iasted_en#c-6699217-8827140;0.28850174267708384
confOf_de#c-1165971-3665910;iasted_en#c-9193120-6084737;iasted_en#c-9193120-6084737;0.2868859657298172
confOf_de#c-1803256-3977939;iasted_en#c-5688901-6766233;iasted_en#c-5688901-6766233;0.1601518018502847
