;target;prediction_target_1;metric_1
confOf_de#c-2683474-6183904;iasted_en#c-2396070-5020573;iasted_en#c-3326309-1255096;1.2495064695621263
confOf_de#c-4532133-5374065;iasted_en#c-0999620-6234504;iasted_en#c-6699217-8827140;0.970334781613436
confOf_de#c-2463275-9197848;iasted_en#c-2297379-6540044;iasted_en#c-6699217-8827140;0.9394487395802483
confOf_de#c-0652717-7598825;iasted_en#c-0579327-2823478;iasted_en#c-5688901-6766233;0.9385416826403459
