;target;prediction_target_1;metric_1
confOf_en#c-6922761-6569068;sigkdd_de#c-2769827-8195865;sigkdd_de#c-2769827-8195865;0.19533332881062881
confOf_en#ent-4532930-2199897;sigkdd_de#ent-0138865-5902109;sigkdd_de#ent-0138865-5902109;0.27252383467364827
confOf_en#c-3734266-2898610;sigkdd_de#c-6217268-0289211;sigkdd_de#c-6217268-0289211;0.20913101387446564
confOf_en#c-5307218-6000981;sigkdd_de#c-9282764-4133286;sigkdd_de#c-9282764-4133286;0.10221857889589042
confOf_en#c-8897779-7605019;sigkdd_de#c-3760592-8292146;sigkdd_de#c-3760592-8292146;0.2819698677226198
confOf_en#c-6834280-4912416;sigkdd_de#c-1975722-3062538;sigkdd_de#c-1975722-3062538;0.1544778405196444
