;target;prediction_target_1;metric_1
iasted_en#c-3616860-0256541;sigkdd_de#c-1670757-7005751;sigkdd_de#c-1670757-7005751;0.29632352578427706
iasted_en#c-8889798-1079873;sigkdd_de#c-7808089-4928984;sigkdd_de#c-5850113-5122819;0.8021248075188324
iasted_en#c-0409829-5411561;sigkdd_de#c-5524974-3116937;sigkdd_de#c-5524974-3116937;0.23841014643744066
iasted_en#c-3390147-9518013;sigkdd_de#c-7753839-9560987;sigkdd_de#c-7753839-9560987;0.5981315482132961
iasted_en#c-3110153-2691987;sigkdd_de#c-7203961-8308851;sigkdd_de#c-7203961-8308851;0.249645829428239
