;target;prediction_target_1;metric_1
cmt_de#c-7511748-5827387;confOf_en#c-3734266-2898610;confOf_en#c-8897779-7605019;0.6168476719984676
cmt_de#ent-4152612-5306614;confOf_en#ent-4532930-2199897;_:Bb99a8cbfX2D0c24X2D4fb6X2D9345X2Dc168a248fd5b;1.10127744254017
