;target;prediction_target_1;metric_1
cmt_de#c-7511748-5827387;iasted_en#c-7587641-3301519;_:Bfe94ce58X2D97b4X2D4156X2D84bbX2Da81b0c0377ed;1.2757992745605817
cmt_de#c-2036030-6478102;iasted_en#c-4646685-6576496;22-rdf-syntax-ns#type;1.27127772640868
cmt_de#c-9804348-4921383;iasted_en#c-2396070-5020573;owl#Restriction;1.2429720414514414
cmt_de#c-5062955-9564132;iasted_en#c-2174181-3520068;_:Ba7526de8X2D0ee6X2D469dX2D81eeX2D8945d1c5a5c5;1.2703104611747014
