;target;prediction_target_1;metric_1
cmt_en#c-2074692-1147118;iasted_de#c-6456542-4680337;iasted_de#c-4015742-9338748;0.7317524905725179
cmt_en#c-6029021-0998116;iasted_de#c-9964978-6784653;iasted_de#c-4015742-9338748;1.0900119367939936
cmt_en#c-9519178-7885109;iasted_de#c-2379893-4624688;owl#equivalentClass;1.2573490390918476
