;target;prediction_target_1;metric_1
cmt_de#c-2036030-6478102;iasted_en#c-4646685-6576496;_:Bd442ce76X2Dba5fX2D47acX2D8f57X2Dfdf59e87a7a7;1.2777388627634225
cmt_de#c-9804348-4921383;iasted_en#c-2396070-5020573;iasted_en#c-9325916-8938991;1.2663403624937764
cmt_de#c-5062955-9564132;iasted_en#c-2174181-3520068;iasted_en#c-7587641-3301519;1.020939106905166
