;target;prediction_target_1;metric_1
cmt_en#c-5409377-9286012;sigkdd_de#c-1975722-3062538;sigkdd_de#c-1975722-3062538;0.3032403898781496
cmt_en#c-8693270-2767092;sigkdd_de#c-6140019-6453251;sigkdd_de#c-6140019-6453251;0.32492247823125187
cmt_en#c-2079829-2275666;sigkdd_de#c-7606899-8734332;sigkdd_de#c-7958316-3629503;0.551358222589883
cmt_en#ent-1648737-1451089;sigkdd_de#ent-0138865-5902109;sigkdd_de#ent-0138865-5902109;0.9597056937003736
cmt_en#c-6029021-0998116;sigkdd_de#c-6469555-3746715;sigkdd_de#c-1975722-3062538;1.0282063639375318
cmt_en#c-5375467-1655905;sigkdd_de#c-1052931-1641701;sigkdd_de#c-1052931-1641701;0.8128915451645843
cmt_en#c-2074692-1147118;sigkdd_de#c-6217268-0289211;sigkdd_de#c-6217268-0289211;0.40871581542893065
cmt_en#op-4706944-2787728;sigkdd_de#op-7778495-5250855;sigkdd_de#op-7778495-5250855;0.5448898547051186
cmt_en#c-9519178-7885109;sigkdd_de#c-2769827-8195865;sigkdd_de#c-2769827-8195865;0.21412351191103185
