;target;prediction_target_1;metric_1
confOf_de#op-5548380-9195122;confOf_en#op-7718872-4722905;confOf_en#op-7718872-4722905;0.19238210134367265
confOf_de#op-0668174-3248392;confOf_en#op-6508666-4665772;confOf_en#op-6508666-4665772;0.19550588961609683
confOf_de#ent-5742004-8000728;confOf_en#ent-4646280-6521925;confOf_en#ent-4646280-6521925;0.17611999766582662
confOf_de#ent-2160031-2946829;confOf_en#ent-3180463-1145375;confOf_en#ent-3180463-1145375;0.17418238334229474
confOf_de#c-0211430-8010097;confOf_en#c-9051277-7292388;confOf_en#c-9051277-7292388;0.15947866398540983
confOf_de#c-6386839-2509220;confOf_en#c-3107403-2678849;confOf_en#c-3107403-2678849;0.16957941369623153
confOf_de#c-8959319-1033837;confOf_en#c-4184138-3261067;confOf_en#c-4184138-3261067;0.1912472729245952
confOf_de#ent-8169889-1545004;confOf_en#ent-9275375-3973324;confOf_en#ent-9275375-3973324;0.2281591417665353
confOf_de#c-2683474-6183904;confOf_en#c-6922761-6569068;confOf_en#c-6922761-6569068;0.24335756229392935
