;target;prediction_target_1;metric_1
cmt_en#c-6029021-0998116;iasted_de#c-9964978-6784653;iasted_de#c-6456542-4680337;1.1464159044825717
cmt_en#c-9519178-7885109;iasted_de#c-2379893-4624688;iasted_de#op-4538616-4065861;1.2572931057721117
cmt_en#c-8707801-9291338;iasted_de#c-4015742-9338748;iasted_de#c-6456542-4680337;0.7801838781667494
