;target;prediction_target_1;metric_1
conference_de#c-2731220-6600456;iasted_en#c-0887025-3124194;iasted_en#c-0201298-3231355;1.0347701922589314
conference_de#c-6041715-6986615;iasted_en#c-1873801-1221522;iasted_en#c-0201298-3231355;1.0162756823752226
conference_de#c-7096317-3412127;iasted_en#c-7464317-0926432;_:Bbd7155d1X2D546eX2D47b3X2D98b4X2Dd7864e7b0a6f;1.1818042657835728
conference_de#c-1479504-0321675;iasted_en#c-2297379-6540044;iasted_en#c-0434817-0369309;1.1076885889241703
conference_de#c-1450635-6067268;iasted_en#c-6088495-8861567;iasted_en#c-2396070-5020573;1.074501966828338
conference_de#c-6508590-8109709;iasted_en#c-4646685-6576496;iasted_en#c-2174181-3520068;1.0658598338290197
conference_de#c-9365621-4628022;iasted_en#c-2980826-1784096;iasted_en#c-2396070-5020573;1.0583991420410084
