;target;prediction_target_1;metric_1
conference_de#c-2365620-6793184;iasted_en#c-2174181-3520068;iasted_en#c-2174181-3520068;0.4671784149804663
conference_de#c-2807153-3693543;iasted_en#c-2396070-5020573;iasted_en#c-2396070-5020573;0.36919917238316363
conference_de#c-2852856-4092117;iasted_en#c-7587641-3301519;iasted_en#c-7587641-3301519;0.4230458094683551
conference_de#op-5642484-4870984;iasted_en#op-1301961-3228494;iasted_en#op-1301961-3228494;0.6468679824510759
conference_de#c-1308924-1537645;iasted_en#c-3686523-4526492;iasted_en#c-3686523-4526492;0.39577669271907095
conference_de#c-2883309-0508630;iasted_en#c-4700670-6960019;iasted_en#c-4700670-6960019;0.34940868444835027
conference_de#c-7521012-9493261;iasted_en#c-0201298-3231355;iasted_en#c-0201298-3231355;0.30032860227053276
