;target;prediction_target_1;metric_1
conference_en#c-5450625-9274279;confOf_de#c-2472530-7442299;confOf_de#c-2472530-7442299;0.16548241176171502
conference_en#ent-4516568-5595755;confOf_de#ent-7472904-1496645;confOf_de#ent-7472904-1496645;0.5913643272309445
conference_en#c-2446635-7449628;confOf_de#c-8403504-7828299;confOf_de#c-8403504-7828299;0.3107185200274617
conference_en#c-6525918-2089133;confOf_de#c-2683474-6183904;confOf_de#c-2683474-6183904;0.23304266411810737
conference_en#c-0949358-2763718;confOf_de#c-2463275-9197848;confOf_de#c-2463275-9197848;0.2956061729645664
conference_en#op-6979143-6235556;confOf_de#op-4302120-7233512;confOf_de#op-4302120-7233512;0.6224959560184752
conference_en#ent-9588809-0668690;confOf_de#ent-9875824-2357826;confOf_de#ent-9875824-2357826;0.5863224831673884
