;target;prediction_target_1;metric_1
conference_en#c-8279198-9011918;confOf_de#c-3756950-6271891;rdf-schema#domain;1.1605705509154345
conference_en#c-7255821-5359025;confOf_de#c-6031375-0881001;confOf_de#ent-7472904-1496645;0.7401826691353902
conference_en#c-8376732-6542959;confOf_de#c-7620981-0130792;confOf_de#c-2463275-9197848;0.8835218795337766
conference_en#c-3746645-9598977;confOf_de#c-0553488-4726167;ereignis;1.1520512155531262
conference_en#c-5732310-8306083;confOf_de#c-5598437-4596711;hat;1.141354904811401
conference_en#c-4444483-2447834;confOf_de#c-8182861-6425712;confOf_de#c-2463275-9197848;0.9261730584633248
conference_en#c-0975007-5643450;confOf_de#c-4345951-5264002;confOf_de#c-2472530-7442299;1.0644352311028888
conference_en#ent-8856556-5729357;confOf_de#ent-0303881-5975791;confOf_de#ent-7472904-1496645;0.6359359303139691
