;target;prediction_target_1;metric_1
conference_de#c-1479504-0321675;iasted_en#c-2297379-6540044;iasted_en#c-2235022-8613665;1.0302165680498347
conference_de#c-1308924-1537645;iasted_en#c-3686523-4526492;iasted_en#c-4700670-6960019;0.7516776018553619
