;target;prediction_target_1;metric_1
cmt_de#c-7511748-5827387;confOf_en#c-3734266-2898610;confOf_en#c-4940510-7116222;0.8111223604686324
cmt_de#c-7606498-1774261;confOf_en#c-8897779-7605019;confOf_en#c-4940510-7116222;0.8977407159722721
cmt_de#c-8082317-4346619;confOf_en#c-7155976-8510258;confOf_en#c-4940510-7116222;0.6869118562452212
cmt_de#c-2600954-3812137;confOf_en#c-5904090-2937490;confOf_en#c-4940510-7116222;0.7704378323067581
cmt_de#c-0277212-8406046;confOf_en#c-1804480-3618243;confOf_en#ent-9012565-8739542;1.0610519598960304
