;target;prediction_target_1;metric_1
confOf_de#c-8959319-1033837;iasted_en#c-6174362-9247294;iasted_en#c-6174362-9247294;0.2690947672597146
confOf_de#c-4345951-5264002;iasted_en#c-7587641-3301519;iasted_en#c-7587641-3301519;0.33804171281593565
confOf_de#c-2683474-6183904;iasted_en#c-2396070-5020573;iasted_en#c-2396070-5020573;0.21017190934895671
confOf_de#c-1001355-3418487;iasted_en#c-6699217-8827140;iasted_en#c-6699217-8827140;0.2876927991985556
confOf_de#c-4532133-5374065;iasted_en#c-0999620-6234504;iasted_en#c-0999620-6234504;0.31604312565300957
confOf_de#c-1803256-3977939;iasted_en#c-5688901-6766233;iasted_en#c-5688901-6766233;0.27905155142896687
confOf_de#c-2463275-9197848;iasted_en#c-2297379-6540044;iasted_en#c-2297379-6540044;0.4553997128113239
confOf_de#c-0652717-7598825;iasted_en#c-0579327-2823478;iasted_en#c-0579327-2823478;0.28775878399953836
