;target;prediction_target_1;metric_1
cmt_de#c-9804348-4921383;conference_en#c-6525918-2089133;conference_en#c-0685358-3873350;1.1994149527118125
cmt_de#ent-4152612-5306614;conference_en#ent-4516568-5595755;conference_en#c-2446635-7449628;0.7733354191460381
cmt_de#c-5403940-4193578;conference_en#c-8170886-3522509;conference_en#c-0975007-5643450;0.661916444293508
cmt_de#c-8450582-0542304;conference_en#c-0513615-7095489;conference_en#c-1432286-4789153;0.20238583585338565
cmt_de#c-2036030-6478102;conference_en#c-2974852-3474918;conference_en#c-3746645-9598977;1.1425819758173508
cmt_de#c-7914897-1988765;conference_en#c-0918067-8070827;conference_en#c-4444483-2447834;0.40998004441361513
