;target;prediction_target_1;metric_1
cmt_en#c-5409377-9286012;sigkdd_de#c-1975722-3062538;sigkdd_de#c-6469555-3746715;1.0215944226188203
cmt_en#ent-1648737-1451089;sigkdd_de#ent-0138865-5902109;präsentiert;1.2005235950407138
cmt_en#c-5375467-1655905;sigkdd_de#c-1052931-1641701;sigkdd_de#c-1670757-7005751;0.9700438873904143
cmt_en#c-6062733-3218604;sigkdd_de#c-3760592-8292146;sigkdd_de#c-7606899-8734332;0.49192433863652235
cmt_en#c-2074692-1147118;sigkdd_de#c-6217268-0289211;sigkdd_de#c-7606899-8734332;0.709289008148172
cmt_en#op-4706944-2787728;sigkdd_de#op-7778495-5250855;owl#equivalentClass;1.1920194891889788
