;target;prediction_target_1;metric_1
confOf_en#c-4184138-3261067;iasted_de#c-9753371-0023373;iasted_de#c-1251407-2550325;1.1453699039424217
confOf_en#c-3734266-2898610;iasted_de#c-6456542-4680337;iasted_de#c-2369860-7098433;1.2518522679569435
confOf_en#c-6922761-6569068;iasted_de#c-2379893-4624688;iasted_de#c-8935754-6759043;1.302524791433248
confOf_en#c-9180297-9494437;iasted_de#c-5921217-1214579;iasted_de#c-3423268-2368119;1.2752909600158624
confOf_en#c-5404723-6232359;iasted_de#c-2743144-1626551;iasted_de#c-6715468-8199769;1.277894525969499
confOf_en#c-5851222-7607068;iasted_de#c-2903473-8446322;iasted_de#c-3423268-2368119;1.2478110282095978
confOf_en#c-9890668-1988204;iasted_de#c-6959391-5712840;_:B6e5e4b15X2Dc7acX2D4172X2Db08fX2Dfc2afdda34b6;1.2467542387171546
confOf_en#c-3748486-8385244;iasted_de#c-5666659-9715348;iasted_de#c-1251407-2550325;0.9884068913102012
