;target;prediction_target_1;metric_1
confOf_de#c-2683474-6183904;sigkdd_en#c-6792972-5439604;sigkdd_en#c-7287097-6354392;1.1212345650960507
confOf_de#c-4439571-8274936;sigkdd_en#c-4408098-5910124;sigkdd_en#c-4249220-5767505;1.0331421292290088
confOf_de#ent-7472904-1496645;sigkdd_en#ent-6795922-7675825;sigkdd_en#c-5243564-3002269;1.1647720854329435
confOf_de#c-4345951-5264002;sigkdd_en#c-4834530-8825541;sigkdd_en#c-5243564-3002269;1.0619483366156746
confOf_de#c-8182861-6425712;sigkdd_en#c-5031073-5159430;sigkdd_en#ent-8043331-3659734;1.2917430149868754
confOf_de#c-0553488-4726167;sigkdd_en#c-3705916-7930602;sigkdd_en#c-5268789-8381535;1.2593123054978255
