;target;prediction_target_1;metric_1
cmt_de#c-8450582-0542304;conference_en#c-0513615-7095489;conference_en#c-0513615-7095489;0.08605169841039505
cmt_de#c-3386094-8929437;conference_en#c-9312690-4124149;conference_en#c-9312690-4124149;0.3523449971716615
cmt_de#c-3554876-1135672;conference_en#c-7121259-3662514;conference_en#c-7121259-3662514;0.2780993390424909
