;target;prediction_target_1;metric_1
conference_de#c-7096317-3412127;sigkdd_en#c-3967774-8138616;sigkdd_en#c-3967774-8138616;0.21921134281269664
conference_de#ent-5299945-7988874;sigkdd_en#ent-6795922-7675825;sigkdd_en#c-3967774-8138616;0.6376940339275072
conference_de#c-1521137-1761392;sigkdd_en#c-2288341-0956338;sigkdd_en#c-2288341-0956338;0.047109625716059506
