;target;prediction_target_1;metric_1
cmt_en#c-2074692-1147118;iasted_de#c-6456542-4680337;iasted_de#c-4015742-9338748;0.8041816683504958
cmt_en#c-9519178-7885109;iasted_de#c-2379893-4624688;_:Be27b10f5X2D4de3X2D4642X2D8fe2X2D788420aff98c;1.1138946534223206
