;target;prediction_target_1;metric_1
cmt_en#c-8693270-2767092;sigkdd_de#c-6140019-6453251;sigkdd_de#c-6140019-6453251;0.12132611731378004
cmt_en#c-9519178-7885109;sigkdd_de#c-2769827-8195865;sigkdd_de#c-2769827-8195865;0.10514922947794828
