;target;prediction_target_1;metric_1
conference_en#c-4444483-2447834;confOf_de#c-8182861-6425712;confOf_de#c-2463275-9197848;1.027087978490506
conference_en#op-6979143-6235556;confOf_de#op-4302120-7233512;confOf_de#ent-0303881-5975791;1.0434816824656021
conference_en#c-0975007-5643450;confOf_de#c-4345951-5264002;confOf_de#c-2472530-7442299;1.0687900761091589
