;target;prediction_target_1;metric_1
conference_en#c-0513615-7095489;sigkdd_de#c-6985541-3131901;sigkdd_de#c-6985541-3131901;0.40744939628146165
conference_en#c-0153241-8442178;sigkdd_de#c-0695531-5412063;sigkdd_de#c-0695531-5412063;0.36786865439620925
conference_en#op-5728539-7928456;sigkdd_de#op-2955099-2207630;sigkdd_de#op-2955099-2207630;0.3466937660364359
conference_en#c-0975007-5643450;sigkdd_de#c-6217268-0289211;sigkdd_de#c-6217268-0289211;0.33719048450311295
conference_en#c-7121259-3662514;sigkdd_de#c-1052931-1641701;aktiver;0.83040953786019
conference_en#ent-4516568-5595755;sigkdd_de#ent-0138865-5902109;sigkdd_de#ent-3892449-0313636;0.7198758041778093
conference_en#c-3746645-9598977;sigkdd_de#c-1975722-3062538;sigkdd_de#c-1975722-3062538;0.23683802529646927
conference_en#c-9312690-4124149;sigkdd_de#c-6140019-6453251;sigkdd_de#c-6140019-6453251;0.4579737796292921
conference_en#c-6525918-2089133;sigkdd_de#c-2769827-8195865;sigkdd_de#c-2769827-8195865;0.24808291813537456
