;target;prediction_target_1;metric_1
conference_en#c-2974852-3474918;sigkdd_de#c-6469555-3746715;sigkdd_de#c-3867058-2838516;0.9352714863693451
conference_en#c-4444483-2447834;sigkdd_de#c-9282764-4133286;sigkdd_de#c-6140019-6453251;1.1224076442150968
conference_en#c-9453090-9458986;sigkdd_de#c-9302905-7296086;sigkdd_de#ent-3892449-0313636;0.7665156638476344
conference_en#c-5005169-5278256;sigkdd_de#c-4301546-5674434;aktiver;0.7736849066311224
conference_en#c-7081035-6117083;sigkdd_de#c-0094164-6634357;sigkdd_de#c-1052931-1641701;0.9792180220870017
conference_en#op-0316178-5626069;sigkdd_de#op-0836929-5233701;sigkdd_de#op-2955099-2207630;0.4732905679198023
