;target;prediction_target_1;metric_1
cmt_de#c-7914897-1988765;sigkdd_en#c-5031073-5159430;sigkdd_en#c-5031073-5159430;0.11703747387668752
cmt_de#c-4872876-3932965;sigkdd_en#c-4408098-5910124;sigkdd_en#c-5243564-3002269;0.5732388562414628
cmt_de#c-5356419-0853732;sigkdd_en#c-5268789-8381535;sigkdd_en#c-5268789-8381535;0.46171116055718164
cmt_de#ent-4152612-5306614;sigkdd_en#ent-6795922-7675825;sigkdd_en#ent-6795922-7675825;0.7879815320856106
cmt_de#c-3554876-1135672;sigkdd_en#c-5937062-8520809;sigkdd_en#c-9656043-0451863;0.9349905424320996
cmt_de#c-7511748-5827387;sigkdd_en#c-4834530-8825541;sigkdd_en#c-4834530-8825541;0.6587172433973801
cmt_de#op-5588430-7223994;sigkdd_en#op-4588680-8309474;sigkdd_en#op-4588680-8309474;0.4594187055023868
cmt_de#c-9804348-4921383;sigkdd_en#c-6792972-5439604;sigkdd_en#c-6792972-5439604;0.16858976214897625
