;target;prediction_target_1;metric_1
cmt_de#c-0277212-8406046;sigkdd_en#c-3705916-7930602;sigkdd_en#c-3705916-7930602;1.2297073895767052
cmt_de#c-3386094-8929437;sigkdd_en#c-4448805-6156000;sigkdd_en#ent-5985310-3715518;1.2625789144705124
cmt_de#c-2036030-6478102;sigkdd_en#c-3661201-8652994;sigkdd_en#c-3705916-7930602;1.2059737862867033
cmt_de#c-7606498-1774261;sigkdd_en#c-7287097-6354392;sigkdd_en#c-5268789-8381535;0.6823278904203027
