;target;prediction_target_1;metric_1
iasted_en#c-9595802-8962494;sigkdd_de#c-3867058-2838516;sigkdd_de#c-3867058-2838516;0.18184200597151537
iasted_en#c-7587641-3301519;sigkdd_de#c-6217268-0289211;sigkdd_de#c-6217268-0289211;0.13636083254307702
iasted_en#c-0995110-2084431;sigkdd_de#c-7783492-1910067;sigkdd_de#c-7783492-1910067;0.5927992676749628
iasted_en#c-3390147-9518013;sigkdd_de#c-7753839-9560987;sigkdd_de#c-7753839-9560987;0.6676151039336181
iasted_en#c-4700670-6960019;sigkdd_de#c-4711434-5769445;sigkdd_de#c-4711434-5769445;0.2153969705096828
