;target;prediction_target_1;metric_1
cmt_de#c-7511748-5827387;confOf_en#c-3734266-2898610;confOf_en#c-3734266-2898610;0.562881446096468
cmt_de#c-7606498-1774261;confOf_en#c-8897779-7605019;confOf_en#c-8897779-7605019;0.3473361801759909
cmt_de#c-8082317-4346619;confOf_en#c-7155976-8510258;confOf_en#c-7155976-8510258;0.3797124817469851
cmt_de#ent-7525433-8535515;confOf_en#ent-4646280-6521925;confOf_en#ent-4646280-6521925;0.28452536800561856
cmt_de#c-7221579-7498183;confOf_en#c-4888780-4443103;confOf_en#c-4888780-4443103;0.6458666323994396
cmt_de#op-9131907-0871491;confOf_en#op-6508666-4665772;confOf_en#op-6508666-4665772;0.5266903001486009
cmt_de#op-3382350-0510939;confOf_en#op-1921350-5090826;confOf_en#op-1921350-5090826;0.3786790183873913
cmt_de#c-7914897-1988765;confOf_en#c-5307218-6000981;confOf_en#c-5307218-6000981;0.284098240504211
cmt_de#c-4872876-3932965;confOf_en#c-4940510-7116222;confOf_en#c-8729640-0951717;0.6793686387792607
