;target;prediction_target_1;metric_1
cmt_de#op-7761501-2770581;confOf_en#op-6734207-8272486;confOf_en#op-6508666-4665772;0.8432783232593135
cmt_de#c-2600954-3812137;confOf_en#c-5904090-2937490;confOf_en#c-8729640-0951717;0.8645602185458025
cmt_de#c-1253837-4887221;confOf_en#c-6834280-4912416;confOf_en#ent-4532610-9643499;0.953809812364072
cmt_de#op-3286624-6409948;confOf_en#op-8176347-7547891;confOf_en#ent-4646280-6521925;0.3431205044133029
cmt_de#c-9804348-4921383;confOf_en#c-6922761-6569068;confOf_en#c-3734266-2898610;1.2232368270949592
cmt_de#c-0277212-8406046;confOf_en#c-1804480-3618243;confOf_en#c-2124079-9413007;1.098030184200623
cmt_de#ent-4152612-5306614;confOf_en#ent-4532930-2199897;confOf_en#c-4888780-4443103;0.8909829926760707
