;target;prediction_target_1;metric_1
conference_de#op-1806324-3972847;sigkdd_en#op-4778648-3039012;sigkdd_en#op-4778648-3039012;0.21906636681826758
conference_de#c-2852856-4092117;sigkdd_en#c-4834530-8825541;sigkdd_en#c-4834530-8825541;0.1432281054548843
conference_de#c-2807153-3693543;sigkdd_en#c-6792972-5439604;sigkdd_en#c-6792972-5439604;0.12093750945547946
conference_de#c-9625814-4995879;sigkdd_en#c-4956507-8354862;sigkdd_en#c-4956507-8354862;0.37207767244253687
