;target;prediction_target_1;metric_1
confOf_de#c-8959319-1033837;iasted_en#c-6174362-9247294;iasted_en#c-0579327-2823478;1.1735236640960687
confOf_de#c-4345951-5264002;iasted_en#c-7587641-3301519;owl#intersectionOf;1.265695345783026
confOf_de#c-1001355-3418487;iasted_en#c-6699217-8827140;_:Be468eea3X2D5d07X2D4e99X2D9b3cX2D34a15a481e46;1.2600024480376248
confOf_de#c-4532133-5374065;iasted_en#c-0999620-6234504;_:B24bbf5a3X2D55dbX2D434cX2D8bc5X2Dc365a4e2b31e;1.1943956144901342
confOf_de#c-1165971-3665910;iasted_en#c-9193120-6084737;iasted_en#c-2980826-1784096;1.2380729847984315
confOf_de#c-1803256-3977939;iasted_en#c-5688901-6766233;iasted_en#c-0579327-2823478;0.9665721830784452
confOf_de#c-2463275-9197848;iasted_en#c-2297379-6540044;_:B305d2c63X2Db4eeX2D457aX2D90a2X2D220945be7890;1.2547887187286393
