;target;prediction_target_1;metric_1
iasted_en#c-0409829-5411561;sigkdd_de#c-5524974-3116937;sigkdd_de#c-7808089-4928984;1.218406754462351
iasted_en#c-3686523-4526492;sigkdd_de#c-9038315-6127488;sigkdd_de#c-4711434-5769445;1.0996289482421013
iasted_en#c-2396070-5020573;sigkdd_de#c-2769827-8195865;sigkdd_de#ent-0138865-5902109;1.2273464004963506
iasted_en#c-3110153-2691987;sigkdd_de#c-7203961-8308851;sigkdd_de#c-6140019-6453251;1.260467675938218
