;target;prediction_target_1;metric_1
cmt_de#op-7761501-2770581;confOf_en#op-6734207-8272486;confOf_en#op-6734207-8272486;0.49997754600015676
cmt_de#c-7511748-5827387;confOf_en#c-3734266-2898610;confOf_en#c-3734266-2898610;0.5142578513960883
cmt_de#ent-7525433-8535515;confOf_en#ent-4646280-6521925;confOf_en#ent-4646280-6521925;0.3659189430125136
cmt_de#c-7221579-7498183;confOf_en#c-4888780-4443103;confOf_en#c-4888780-4443103;0.5545900841154772
cmt_de#c-7914897-1988765;confOf_en#c-5307218-6000981;confOf_en#c-5307218-6000981;0.19230494766756828
cmt_de#op-3286624-6409948;confOf_en#op-8176347-7547891;confOf_en#op-8176347-7547891;0.3742351785450795
cmt_de#c-9804348-4921383;confOf_en#c-6922761-6569068;confOf_en#c-6922761-6569068;0.13289755126010186
cmt_de#c-0277212-8406046;confOf_en#c-1804480-3618243;confOf_en#c-1804480-3618243;0.106866545132058
