;target;prediction_target_1;metric_1
cmt_de#c-7606498-1774261;confOf_en#c-8897779-7605019;confOf_en#c-3734266-2898610;0.8636063372957683
cmt_de#c-8082317-4346619;confOf_en#c-7155976-8510258;confOf_en#c-3734266-2898610;0.8408282769973568
cmt_de#c-2600954-3812137;confOf_en#c-5904090-2937490;confOf_en#c-3734266-2898610;0.9528732735511335
cmt_de#c-1253837-4887221;confOf_en#c-6834280-4912416;confOf_en#op-8176347-7547891;0.7208453744323078
cmt_de#op-9131907-0871491;confOf_en#op-6508666-4665772;confOf_en#op-6734207-8272486;0.7813975908921238
cmt_de#op-3382350-0510939;confOf_en#op-1921350-5090826;confOf_en#op-6734207-8272486;0.8839422507744374
cmt_de#c-4872876-3932965;confOf_en#c-4940510-7116222;confOf_en#c-3734266-2898610;0.6835222736762401
cmt_de#ent-4152612-5306614;confOf_en#ent-4532930-2199897;confOf_en#c-4888780-4443103;0.8822011244368799
