;target;prediction_target_1;metric_1
cmt_en#c-6029021-0998116;iasted_de#c-9964978-6784653;_:B30d31bd8X2D9695X2D44f5X2Daf58X2Ddd3e4ea7bf57;1.119043717829396
cmt_en#c-9519178-7885109;iasted_de#c-2379893-4624688;iasted_de#c-2369860-7098433;1.2840037409565126
cmt_en#c-8707801-9291338;iasted_de#c-4015742-9338748;iasted_de#c-6456542-4680337;0.8618157075957738
