;target;prediction_target_1;metric_1
conference_en#c-0975007-5643450;iasted_de#c-6456542-4680337;iasted_de#c-6456542-4680337;0.16251410954384318
conference_en#c-9453090-9458986;iasted_de#c-6062149-5112025;iasted_de#c-6062149-5112025;0.3727865584933234
conference_en#c-0949358-2763718;iasted_de#c-6959391-5712840;iasted_de#c-6959391-5712840;0.40166796672423283
conference_en#op-8498965-3154119;iasted_de#op-5817020-0959926;iasted_de#op-5817020-0959926;0.3237843327403792
conference_en#c-9170184-4807203;iasted_de#c-1608626-3325967;iasted_de#c-1608626-3325967;0.6436040205567363
conference_en#c-9609595-3810460;iasted_de#c-2372932-6696619;iasted_de#c-2372932-6696619;0.21549461366939018
