;target;prediction_target_1;metric_1
conference_en#c-4101654-3843816;iasted_de#c-4015742-9338748;iasted_de#c-2372932-6696619;1.0910040009519288
conference_en#c-0845815-7069476;iasted_de#c-4247837-9825706;während;1.1978305828532079
conference_en#c-6525918-2089133;iasted_de#c-2379893-4624688;iasted_de#c-2372932-6696619;1.095143005614117
conference_en#c-1481587-3387008;iasted_de#c-4122268-3045249;_:Ba4848388X2D7ddbX2D4723X2D8202X2D35208351a8e5;1.171282339783941
conference_en#c-5623276-9536395;iasted_de#c-4201911-2867499;_:Bdc5b294bX2D6ec5X2D45abX2Dab26X2D276d3b3ec8ea;0.9429880362209766
conference_en#c-3417170-2349351;iasted_de#c-1912201-3885408;_:Bdc5b294bX2D6ec5X2D45abX2Dab26X2D276d3b3ec8ea;1.0376838118054006
conference_en#c-2974852-3474918;iasted_de#c-9964978-6784653;iasted_de#c-2372932-6696619;1.0189272572527717
conference_en#c-9312690-4124149;iasted_de#c-5379764-4238098;iasted_de#c-2372932-6696619;1.0572469901311412
