;target;prediction_target_1;metric_1
conference_de#c-2734491-0275940;confOf_en#c-2402287-2880350;confOf_en#ent-4532930-2199897;0.7542055279281672
conference_de#c-5236249-1093814;confOf_en#c-4855691-2375415;confOf_en#c-9890668-1988204;0.8861373858062729
conference_de#ent-4771576-9028029;confOf_en#ent-8227140-2506031;confOf_en#op-8030807-5984904;0.8836570807186879
conference_de#ent-3965541-6558239;confOf_en#ent-1716167-5904495;confOf_en#ent-4532930-2199897;0.9112668515788415
