;target;prediction_target_1;metric_1
cmt_de#op-7761501-2770581;confOf_en#op-6734207-8272486;confOf_en#op-6734207-8272486;0.12453580449350396
cmt_de#c-7606498-1774261;confOf_en#c-8897779-7605019;confOf_en#c-8897779-7605019;0.14941987802834752
cmt_de#op-3286624-6409948;confOf_en#op-8176347-7547891;confOf_en#op-8176347-7547891;0.11166524399146016
