;target;prediction_target_1;metric_1
conference_en#c-5450625-9274279;confOf_de#c-2472530-7442299;confOf_de#c-4345951-5264002;0.8364574321705098
conference_en#c-7255821-5359025;confOf_de#c-6031375-0881001;confOf_de#ent-7472904-1496645;0.7049748659957202
