;target;prediction_target_1;metric_1
conference_de#c-2807153-3693543;iasted_en#c-2396070-5020573;iasted_en#c-4646685-6576496;0.9880004155228673
conference_de#c-6041715-6986615;iasted_en#c-1873801-1221522;iasted_en#c-4646685-6576496;0.9718709961571229
conference_de#c-1479504-0321675;iasted_en#c-2297379-6540044;iasted_en#c-2980826-1784096;0.805724893125623
