;target;prediction_target_1;metric_1
cmt_de#c-7511748-5827387;iasted_en#c-7587641-3301519;iasted_en#c-7587641-3301519;0.15278739250233567
cmt_de#c-2036030-6478102;iasted_en#c-4646685-6576496;iasted_en#c-4646685-6576496;0.33083370321445127
cmt_de#c-9804348-4921383;iasted_en#c-2396070-5020573;iasted_en#c-2396070-5020573;0.11257718966083445
cmt_de#c-5062955-9564132;iasted_en#c-2174181-3520068;iasted_en#c-2174181-3520068;0.28453471718346734
