;target;prediction_target_1;metric_1
iasted_en#c-3616860-0256541;sigkdd_de#c-1670757-7005751;registrierungsbeitrag;1.2296980604325223
iasted_en#c-8889798-1079873;sigkdd_de#c-7808089-4928984;sigkdd_de#c-5850113-5122819;0.8185109351593776
iasted_en#c-9595802-8962494;sigkdd_de#c-3867058-2838516;sigkdd_de#c-9302905-7296086;1.015277671274573
iasted_en#c-9677685-8341994;sigkdd_de#c-3477390-2381487;mitglied;1.2651814373774926
iasted_en#c-7587641-3301519;sigkdd_de#c-6217268-0289211;sigkdd_de#c-4711434-5769445;1.0395554653457055
iasted_en#c-3390147-9518013;sigkdd_de#c-7753839-9560987;präsentiert;1.156562213329355
