;target;prediction_target_1;metric_1
iasted_en#c-4646685-6576496;sigkdd_de#c-6469555-3746715;sigkdd_de#c-6469555-3746715;0.9222671151307594
iasted_en#c-7464317-0926432;sigkdd_de#c-9302905-7296086;sigkdd_de#c-9302905-7296086;0.2609888086493551
iasted_en#c-0409829-5411561;sigkdd_de#c-5524974-3116937;sigkdd_de#c-5524974-3116937;0.3237379024319308
iasted_en#c-3433144-4931823;sigkdd_de#c-5850113-5122819;sigkdd_de#c-5850113-5122819;0.7174240759598965
iasted_en#c-3686523-4526492;sigkdd_de#c-9038315-6127488;sigkdd_de#c-9038315-6127488;0.37114650749686545
iasted_en#c-0995110-2084431;sigkdd_de#c-7783492-1910067;sigkdd_de#c-7808089-4928984;0.9785012922724377
iasted_en#c-2396070-5020573;sigkdd_de#c-2769827-8195865;sigkdd_de#c-2769827-8195865;0.36328708772931173
iasted_en#c-3110153-2691987;sigkdd_de#c-7203961-8308851;sigkdd_de#c-7203961-8308851;0.3182884602656341
iasted_en#c-4700670-6960019;sigkdd_de#c-4711434-5769445;sigkdd_de#c-4711434-5769445;0.19842114900122151
