;target;prediction_target_1;metric_1
cmt_de#c-7606498-1774261;confOf_en#c-8897779-7605019;confOf_en#c-8897779-7605019;0.42904478109450306
cmt_de#ent-7525433-8535515;confOf_en#ent-4646280-6521925;confOf_en#ent-4646280-6521925;0.20150611853148445
cmt_de#c-1253837-4887221;confOf_en#c-6834280-4912416;confOf_en#c-6834280-4912416;0.0622846293690913
cmt_de#op-3382350-0510939;confOf_en#op-1921350-5090826;confOf_en#op-1921350-5090826;0.1744958082690467
cmt_de#c-4872876-3932965;confOf_en#c-4940510-7116222;confOf_en#c-4940510-7116222;0.40767030232829815
cmt_de#c-0277212-8406046;confOf_en#c-1804480-3618243;confOf_en#c-1804480-3618243;0.11234183811434809
