;target;prediction_target_1;metric_1
conference_de#c-8195847-6754106;sigkdd_en#c-5937062-8520809;sigkdd_en#c-6722062-3545965;0.867247531127725
conference_de#c-7096317-3412127;sigkdd_en#c-3967774-8138616;sigkdd_en#ent-6795922-7675825;0.8632093396784882
conference_de#op-6034483-9201945;sigkdd_en#op-5101248-3088535;sigkdd_en#op-4778648-3039012;0.4403440114329091
