;target;prediction_target_1;metric_1
confOf_en#c-4940510-7116222;sigkdd_de#c-5541011-4485740;sigkdd_de#c-5541011-4485740;0.1267923662963829
confOf_en#c-5307218-6000981;sigkdd_de#c-9282764-4133286;sigkdd_de#c-9282764-4133286;0.13880876469345121
confOf_en#c-6834280-4912416;sigkdd_de#c-1975722-3062538;sigkdd_de#c-1975722-3062538;0.12798091783862886
