;target;prediction_target_1;metric_1
cmt_en#c-6062733-3218604;confOf_de#c-0977717-2950137;confOf_de#c-4439571-8274936;0.7404682333308215
cmt_en#ent-7592571-9671564;confOf_de#ent-5742004-8000728;confOf_de#op-4508989-0566286;0.37223524710732553
cmt_en#c-3969637-3563037;confOf_de#c-8403504-7828299;confOf_de#ent-7472904-1496645;0.7302974922830903
cmt_en#c-4413043-1523228;confOf_de#c-0553488-4726167;confOf_de#op-4508989-0566286;0.82098483381976
cmt_en#op-7452997-4133095;confOf_de#op-9873670-8357831;confOf_de#op-4508989-0566286;0.6878509797301874
