;target;prediction_target_1;metric_1
cmt_de#c-3386094-8929437;sigkdd_en#c-4448805-6156000;sigkdd_en#ent-5985310-3715518;1.202064299025322
cmt_de#c-2036030-6478102;sigkdd_en#c-3661201-8652994;sigkdd_en#c-3705916-7930602;1.2267547107543613
cmt_de#op-5588430-7223994;sigkdd_en#op-4588680-8309474;_:B264503b7X2D44aeX2D40b7X2Db804X2Df684049bdd38;1.150830934139411
