;target;prediction_target_1;metric_1
cmt_de#c-7914897-1988765;sigkdd_en#c-5031073-5159430;sigkdd_en#c-5031073-5159430;0.16512544705376417
cmt_de#c-0277212-8406046;sigkdd_en#c-3705916-7930602;sigkdd_en#c-3705916-7930602;0.19571660769313673
cmt_de#c-4872876-3932965;sigkdd_en#c-4408098-5910124;sigkdd_en#c-5268789-8381535;0.57727479978126
cmt_de#c-5356419-0853732;sigkdd_en#c-5268789-8381535;sigkdd_en#c-5268789-8381535;0.5070986271091971
cmt_de#ent-4152612-5306614;sigkdd_en#ent-6795922-7675825;sigkdd_en#ent-8043331-3659734;0.7288988484239372
cmt_de#c-3554876-1135672;sigkdd_en#c-5937062-8520809;not;0.8853769097905498
cmt_de#c-7606498-1774261;sigkdd_en#c-7287097-6354392;sigkdd_en#c-7287097-6354392;0.44898830347517243
cmt_de#c-7511748-5827387;sigkdd_en#c-4834530-8825541;sigkdd_en#c-4834530-8825541;0.6787481903052129
cmt_de#c-9804348-4921383;sigkdd_en#c-6792972-5439604;sigkdd_en#c-6792972-5439604;0.21081144067568117
