;target;prediction_target_1;metric_1
confOf_en#c-4184138-3261067;iasted_de#c-9753371-0023373;iasted_de#c-9753371-0023373;0.22321390049553327
confOf_en#c-3734266-2898610;iasted_de#c-6456542-4680337;iasted_de#c-6456542-4680337;0.2464157902236526
confOf_en#c-6922761-6569068;iasted_de#c-2379893-4624688;iasted_de#c-2379893-4624688;0.22210141454451243
confOf_en#c-9180297-9494437;iasted_de#c-5921217-1214579;iasted_de#c-5921217-1214579;0.3617756316530055
confOf_en#c-5851222-7607068;iasted_de#c-2903473-8446322;iasted_de#c-2903473-8446322;0.41147366744156555
confOf_en#c-5948332-3267518;iasted_de#c-1251407-2550325;iasted_de#c-1251407-2550325;0.3198256127052344
confOf_en#c-9890668-1988204;iasted_de#c-6959391-5712840;iasted_de#c-6959391-5712840;0.31946934403664823
confOf_en#c-3748486-8385244;iasted_de#c-5666659-9715348;iasted_de#c-5666659-9715348;0.17931497875703464
