;target;prediction_target_1;metric_1
cmt_de#c-5356419-0853732;sigkdd_en#c-5268789-8381535;sigkdd_en#c-5268789-8381535;0.2991362036257966
cmt_de#op-5588430-7223994;sigkdd_en#op-4588680-8309474;sigkdd_en#op-4588680-8309474;0.11122163149995822
