;target;prediction_target_1;metric_1
cmt_en#c-8066557-3199962;confOf_de#c-4973711-7358267;confOf_de#c-4973711-7358267;0.07641523813346446
cmt_en#ent-7592571-9671564;confOf_de#ent-5742004-8000728;confOf_de#ent-5742004-8000728;0.25602751748811664
cmt_en#op-7452997-4133095;confOf_de#op-9873670-8357831;confOf_de#op-9873670-8357831;0.2526678394600796
cmt_en#c-9519178-7885109;confOf_de#c-2683474-6183904;confOf_de#c-2683474-6183904;0.12475765490157326
