;target;prediction_target_1;metric_1
conference_de#c-2365620-6793184;iasted_en#c-2174181-3520068;iasted_en#c-2174181-3520068;0.09217603185938557
conference_de#c-6041715-6986615;iasted_en#c-1873801-1221522;iasted_en#c-1873801-1221522;0.16106384742797222
conference_de#c-1479504-0321675;iasted_en#c-2297379-6540044;iasted_en#c-2297379-6540044;0.14540776275608602
conference_de#c-7521012-9493261;iasted_en#c-0201298-3231355;iasted_en#c-0201298-3231355;0.11980153435797364
