;target;prediction_target_1;metric_1
cmt_de#c-7511748-5827387;iasted_en#c-7587641-3301519;_:Ba667d02fX2D3878X2D4bcfX2Da525X2D3fa5183475b9;1.2555533086339512
cmt_de#c-9804348-4921383;iasted_en#c-2396070-5020573;iasted_en#c-5042951-8302750;1.267793390823275
cmt_de#c-5062955-9564132;iasted_en#c-2174181-3520068;_:B30e90329X2De82eX2D418bX2D853dX2D4c9f2da2014f;1.237106304594971
