;target;prediction_target_1;metric_1
conference_de#c-3040625-6424461;sigkdd_en#c-4512427-8358882;sigkdd_en#c-4512427-8358882;0.24062851039112326
conference_de#c-8195847-6754106;sigkdd_en#c-5937062-8520809;sigkdd_en#c-5937062-8520809;0.23823788946237462
conference_de#c-7096317-3412127;sigkdd_en#c-3967774-8138616;sigkdd_en#c-3967774-8138616;0.2636096153628297
conference_de#ent-5299945-7988874;sigkdd_en#ent-6795922-7675825;sigkdd_en#c-6356419-4596819;0.6648529499046099
conference_de#c-1521137-1761392;sigkdd_en#c-2288341-0956338;sigkdd_en#c-2288341-0956338;0.2143205719563655
