;target;prediction_target_1;metric_1
confOf_de#c-2683474-6183904;sigkdd_en#c-6792972-5439604;sigkdd_en#op-0893463-6791984;1.297221000890393
confOf_de#c-4439571-8274936;sigkdd_en#c-4408098-5910124;sigkdd_en#c-3705916-7930602;1.3034248817385512
confOf_de#ent-7472904-1496645;sigkdd_en#ent-6795922-7675825;sigkdd_en#c-9975477-9791635;1.3016906080225847
confOf_de#c-4345951-5264002;sigkdd_en#c-4834530-8825541;sigkdd_en#c-2636703-8787934;1.2958457151577596
confOf_de#c-8182861-6425712;sigkdd_en#c-5031073-5159430;sigkdd_en#c-4448805-6156000;1.1243930174730437
confOf_de#c-0977717-2950137;sigkdd_en#c-7287097-6354392;_:B91a7f502X2Da39eX2D4732X2D912eX2D68421b3312ab;1.3171751553654156
