;target;prediction_target_1;metric_1
conference_en#c-0845815-7069476;iasted_de#c-4247837-9825706;iasted_de#c-9964978-6784653;1.1180227217649963
conference_en#c-6525918-2089133;iasted_de#c-2379893-4624688;iasted_de#c-4015742-9338748;0.8611932853425405
conference_en#c-0975007-5643450;iasted_de#c-6456542-4680337;_:B0ee019c3X2DbbebX2D4bbbX2D8c17X2Dc567f59dffaa;1.1947052507406664
conference_en#c-1481587-3387008;iasted_de#c-4122268-3045249;_:B5cc50fccX2D8e9cX2D4587X2D897cX2D640ece165534;0.9330015879155356
conference_en#c-0949358-2763718;iasted_de#c-6959391-5712840;iasted_de#c-2372932-6696619;0.9649553245076056
conference_en#op-8498965-3154119;iasted_de#op-5817020-0959926;iasted_de#c-5344597-0067791;1.2064403051952364
conference_en#c-5623276-9536395;iasted_de#c-4201911-2867499;owl#inverseOf;1.1868229270245685
conference_en#c-3417170-2349351;iasted_de#c-1912201-3885408;iasted_de#op-1773392-2427816;1.1777984667814403
conference_en#c-9312690-4124149;iasted_de#c-5379764-4238098;iasted_de#c-9964978-6784653;0.9373454831641347
