;target;prediction_target_1;metric_1
conference_en#c-4101654-3843816;iasted_de#c-4015742-9338748;iasted_de#c-4015742-9338748;0.13155226710966605
conference_en#c-9453090-9458986;iasted_de#c-6062149-5112025;iasted_de#c-6062149-5112025;0.20410561212360195
conference_en#c-9170184-4807203;iasted_de#c-1608626-3325967;iasted_de#c-1608626-3325967;0.5148544328926316
conference_en#c-2974852-3474918;iasted_de#c-9964978-6784653;iasted_de#c-9964978-6784653;0.29062747180638476
conference_en#c-9609595-3810460;iasted_de#c-2372932-6696619;iasted_de#c-2372932-6696619;0.2877941635098668
