;target;prediction_target_1;metric_1
conference_de#c-2365620-6793184;iasted_en#c-2174181-3520068;iasted_en#c-2174181-3520068;0.2325549239354761
conference_de#c-1479504-0321675;iasted_en#c-2297379-6540044;iasted_en#c-2297379-6540044;0.2990891184610683
conference_de#c-1308924-1537645;iasted_en#c-3686523-4526492;iasted_en#c-3686523-4526492;0.22611803963918378
conference_de#c-9365621-4628022;iasted_en#c-2980826-1784096;iasted_en#c-2980826-1784096;0.29244478450834005
