;target;prediction_target_1;metric_1
confOf_de#c-8959319-1033837;iasted_en#c-6174362-9247294;iasted#Chichen_Itza;1.1607463987742521
confOf_de#c-1165971-3665910;iasted_en#c-9193120-6084737;iasted_en#c-6699217-8827140;0.6771890347394013
