;target;prediction_target_1;metric_1
cmt_en#c-3027646-3365825;conference_de#c-5694210-3113803;conference_de#c-5694210-3113803;0.20015553630358368
cmt_en#c-8693270-2767092;conference_de#c-7521012-9493261;conference_de#c-7521012-9493261;0.33189545404812343
cmt_en#c-5375467-1655905;conference_de#c-8195847-6754106;conference_de#c-8195847-6754106;0.2353404463579732
cmt_en#c-3969637-3563037;conference_de#c-4756237-0913680;conference_de#c-4756237-0913680;0.3504947538940639
cmt_en#op-2798366-1946309;conference_de#op-4621167-8649272;conference_de#op-4621167-8649272;0.6422065577959614
