;target;prediction_target_1;metric_1
confOf_de#c-2683474-6183904;sigkdd_en#c-6792972-5439604;sigkdd_en#c-6792972-5439604;0.10409278950044681
confOf_de#c-4439571-8274936;sigkdd_en#c-4408098-5910124;sigkdd_en#c-4408098-5910124;0.10763063869532478
confOf_de#ent-7472904-1496645;sigkdd_en#ent-6795922-7675825;sigkdd_en#ent-6795922-7675825;0.07564279271871321
