;target;prediction_target_1;metric_1
confOf_de#c-4345951-5264002;sigkdd_en#c-4834530-8825541;sigkdd_en#c-7287097-6354392;1.0046015381220343
confOf_de#c-8182861-6425712;sigkdd_en#c-5031073-5159430;registration;1.2872755528344997
confOf_de#c-0977717-2950137;sigkdd_en#c-7287097-6354392;sigkdd_en#c-5243564-3002269;0.9374481972747584
confOf_de#c-0553488-4726167;sigkdd_en#c-3705916-7930602;sigkdd_en#c-4402529-2023643;1.280507802532972
