;target;prediction_target_1;metric_1
cmt_en#c-3027646-3365825;sigkdd_de#c-9282764-4133286;sigkdd_de#c-0094164-6634357;0.9980644812474133
cmt_en#c-9519178-7885109;sigkdd_de#c-2769827-8195865;sigkdd_de#ent-1646067-6583158;1.2069621347085946
