;target;prediction_target_1;metric_1
confOf_en#c-4184138-3261067;iasted_de#c-9753371-0023373;iasted_de#c-2460382-4400595;1.2321762378158603
confOf_en#c-6922761-6569068;iasted_de#c-2379893-4624688;iasted_de#c-0389652-1406971;1.2430832146847963
confOf_en#c-5404723-6232359;iasted_de#c-2743144-1626551;iasted_de#c-5921217-1214579;0.886845970892227
confOf_en#c-5948332-3267518;iasted_de#c-1251407-2550325;iasted_de#op-6084854-8177491;1.2317839573081568
confOf_en#c-9890668-1988204;iasted_de#c-6959391-5712840;iasted_de#c-9988758-2403409;1.1656873625079758
confOf_en#c-3748486-8385244;iasted_de#c-5666659-9715348;iasted_de#c-6456542-4680337;1.2859369252063624
