;target;prediction_target_1;metric_1
confOf_en#c-4184138-3261067;iasted_de#c-9753371-0023373;iasted_de#c-1251407-2550325;1.1653207253116302
confOf_en#c-6922761-6569068;iasted_de#c-2379893-4624688;_:B717653a6X2Dbf55X2D4fdfX2Da4a9X2Dbabe4b7e920a;1.3054159242235173
confOf_en#c-9180297-9494437;iasted_de#c-5921217-1214579;iasted_de#c-2743144-1626551;0.9139110734092325
confOf_en#c-5851222-7607068;iasted_de#c-2903473-8446322;iasted_de#op-9361239-3780580;1.0917345968212275
confOf_en#c-9890668-1988204;iasted_de#c-6959391-5712840;iasted_de#op-9361239-3780580;1.173657206004528
confOf_en#c-3748486-8385244;iasted_de#c-5666659-9715348;iasted_de#c-1251407-2550325;1.0070606944140446
