;target;prediction_target_1;metric_1
iasted_de#c-8671213-0734462;sigkdd_en#c-3800373-8198658;sigkdd_en#c-3800373-8198658;0.4726788618008725
iasted_de#c-1107430-2739895;sigkdd_en#c-6356419-4596819;sigkdd_en#c-6356419-4596819;0.2507581354289076
iasted_de#c-5119860-9323326;sigkdd_en#c-1350325-0780321;sigkdd_en#c-1350325-0780321;0.22057197566125966
