;target;prediction_target_1;metric_1
conference_en#c-5623276-9536395;iasted_de#c-4201911-2867499;iasted_de#c-4201911-2867499;0.09133293899923564
conference_en#c-9609595-3810460;iasted_de#c-2372932-6696619;iasted_de#c-2372932-6696619;0.12097070932877743
