;target;prediction_target_1;metric_1
conference_de#c-8237344-7989230;confOf_en#c-8729640-0951717;confOf_en#c-8729640-0951717;0.26909999195215983
conference_de#ent-5299945-7988874;confOf_en#ent-4532930-2199897;confOf_en#ent-4532930-2199897;0.7549522222391839
conference_de#c-5236249-1093814;confOf_en#c-4855691-2375415;confOf_en#c-4855691-2375415;0.41294590246341195
conference_de#c-8115832-0092831;confOf_en#c-1804480-3618243;confOf_en#c-1804480-3618243;0.2703670161405622
