;target;prediction_target_1;metric_1
cmt_de#c-7914897-1988765;sigkdd_en#c-5031073-5159430;XMLSchema#string;1.1887473034404015
cmt_de#c-0277212-8406046;sigkdd_en#c-3705916-7930602;sigkdd_en#c-7357680-6909888;1.1773022930226222
cmt_de#c-4872876-3932965;sigkdd_en#c-4408098-5910124;sigkdd_en#c-4834530-8825541;0.8016491916905987
cmt_de#c-3386094-8929437;sigkdd_en#c-4448805-6156000;starting;1.0860596350189433
