;target;prediction_target_1;metric_1
cmt_de#c-5356419-0853732;sigkdd_en#c-5268789-8381535;sigkdd_en#c-5268789-8381535;0.38787320717231505
cmt_de#ent-4152612-5306614;sigkdd_en#ent-6795922-7675825;sigkdd_en#ent-4408730-1320391;0.8755212337057187
cmt_de#c-2036030-6478102;sigkdd_en#c-3661201-8652994;sigkdd_en#c-3661201-8652994;0.8348278242588816
cmt_de#c-3554876-1135672;sigkdd_en#c-5937062-8520809;main;0.7848868813106398
cmt_de#c-7606498-1774261;sigkdd_en#c-7287097-6354392;sigkdd_en#c-7287097-6354392;0.5118243450748208
cmt_de#c-7511748-5827387;sigkdd_en#c-4834530-8825541;sigkdd_en#c-4834530-8825541;0.6680425178523117
cmt_de#op-5588430-7223994;sigkdd_en#op-4588680-8309474;sigkdd_en#op-4588680-8309474;0.5036525106111442
cmt_de#c-9804348-4921383;sigkdd_en#c-6792972-5439604;sigkdd_en#c-6792972-5439604;0.2283986450532098
