;target;prediction_target_1;metric_1
cmt_en#ent-1648737-1451089;sigkdd_de#ent-0138865-5902109;_:Be5a5fb5fX2Df180X2D4a5aX2Db4a4X2D5796b6c5ea29;1.176708849971304
cmt_en#c-6029021-0998116;sigkdd_de#c-6469555-3746715;sigkdd_de#c-1975722-3062538;0.9671891855131415
cmt_en#c-9519178-7885109;sigkdd_de#c-2769827-8195865;sigkdd_de#c-6140019-6453251;1.181611097501083
