;target;prediction_target_1;metric_1
cmt_de#c-7511748-5827387;confOf_en#c-3734266-2898610;confOf_en#c-4940510-7116222;0.6772625444460011
cmt_de#c-7606498-1774261;confOf_en#c-8897779-7605019;confOf_en#c-4940510-7116222;0.8928233906181472
cmt_de#c-8082317-4346619;confOf_en#c-7155976-8510258;confOf_en#c-4940510-7116222;0.720640784553954
cmt_de#ent-7525433-8535515;confOf_en#ent-4646280-6521925;confOf_en#op-8176347-7547891;0.3294046916721784
cmt_de#c-7221579-7498183;confOf_en#c-4888780-4443103;confOf_en#ent-4532930-2199897;0.839428081438294
cmt_de#op-9131907-0871491;confOf_en#op-6508666-4665772;confOf_en#op-6734207-8272486;0.5931697354864822
cmt_de#c-9804348-4921383;confOf_en#c-6922761-6569068;confOf_en#c-4940510-7116222;1.2120763474192944
