;target;prediction_target_1;metric_1
cmt_de#op-7761501-2770581;confOf_en#op-6734207-8272486;confOf_en#op-6734207-8272486;0.3470494873271612
cmt_de#c-2600954-3812137;confOf_en#c-5904090-2937490;confOf_en#c-5904090-2937490;0.3537184964518094
cmt_de#c-1253837-4887221;confOf_en#c-6834280-4912416;confOf_en#c-6834280-4912416;0.2284939156889478
cmt_de#op-3382350-0510939;confOf_en#op-1921350-5090826;confOf_en#op-1921350-5090826;0.27716905511944606
cmt_de#c-7914897-1988765;confOf_en#c-5307218-6000981;confOf_en#c-5307218-6000981;0.21498871027800742
cmt_de#c-4872876-3932965;confOf_en#c-4940510-7116222;confOf_en#c-4940510-7116222;0.5751818029172079
cmt_de#op-3286624-6409948;confOf_en#op-8176347-7547891;confOf_en#op-8176347-7547891;0.2743119642517469
cmt_de#c-0277212-8406046;confOf_en#c-1804480-3618243;confOf_en#c-1804480-3618243;0.19221204165935246
cmt_de#ent-4152612-5306614;confOf_en#ent-4532930-2199897;confOf_en#ent-4532930-2199897;0.8030217132955837
