;target;prediction_target_1;metric_1
conference_de#ent-5299945-7988874;confOf_en#ent-4532930-2199897;confOf_en#ent-8227140-2506031;1.0090273276289927
conference_de#op-4737759-4638811;confOf_en#op-8030807-5984904;confOf_en#ent-8227140-2506031;1.1170906297072718
conference_de#ent-3965541-6558239;confOf_en#ent-1716167-5904495;confOf_en#ent-8227140-2506031;1.0203960394044453
