;target;prediction_target_1;metric_1
cmt_en#c-1611583-0668331;conference_de#c-6828546-9901709;conference_de#c-6828546-9901709;0.2649591858471043
cmt_en#c-2074692-1147118;conference_de#c-2852856-4092117;conference_de#c-2852856-4092117;0.28347832017211805
cmt_en#op-8575895-0911006;conference_de#op-1945545-2946293;conference_de#op-1945545-2946293;0.4607307481555358
cmt_en#c-5375467-1655905;conference_de#c-8195847-6754106;conference_de#c-8195847-6754106;0.2905479434780733
