;target;prediction_target_1;metric_1
confOf_en#c-6922761-6569068;sigkdd_de#c-2769827-8195865;sigkdd_de#c-2769827-8195865;0.11674782106173319
confOf_en#c-4940510-7116222;sigkdd_de#c-5541011-4485740;sigkdd_de#c-5541011-4485740;0.5776966036365141
confOf_en#c-8897779-7605019;sigkdd_de#c-3760592-8292146;sigkdd_de#c-3760592-8292146;0.5622838126166287
confOf_en#c-6834280-4912416;sigkdd_de#c-1975722-3062538;sigkdd_de#c-1975722-3062538;0.23986594798390898
