;target;prediction_target_1;metric_1
confOf_en#ent-4532930-2199897;sigkdd_de#ent-0138865-5902109;sigkdd_de#c-3760592-8292146;1.1781405890517467
confOf_en#c-3734266-2898610;sigkdd_de#c-6217268-0289211;sigkdd_de#c-6801077-9660974;0.904642330303824
confOf_en#c-5307218-6000981;sigkdd_de#c-9282764-4133286;_:B32795f00X2Da9daX2D4fbcX2D9e37X2D96a85bd9010a;1.177583507090615
