;target;prediction_target_1;metric_1
confOf_de#c-2683474-6183904;sigkdd_en#c-6792972-5439604;sigkdd_en#c-6356419-4596819;1.335648674385107
confOf_de#c-4439571-8274936;sigkdd_en#c-4408098-5910124;sigkdd_en#c-3967774-8138616;1.3037057565819699
confOf_de#ent-7472904-1496645;sigkdd_en#ent-6795922-7675825;sigkdd_en#c-7165036-6864096;1.3228238181458074
confOf_de#c-4345951-5264002;sigkdd_en#c-4834530-8825541;sigkdd_en#c-1144746-3205183;1.3017204235128041
confOf_de#c-8182861-6425712;sigkdd_en#c-5031073-5159430;sigkdd_en#ent-6795922-7675825;1.2850560321383158
confOf_de#c-0977717-2950137;sigkdd_en#c-7287097-6354392;sigkdd_en#c-7092519-9239674;1.3424791103032248
confOf_de#c-0553488-4726167;sigkdd_en#c-3705916-7930602;organizing;1.220030679656233
