;target;prediction_target_1;metric_1
cmt_en#c-5375467-1655905;sigkdd_de#c-1052931-1641701;sigkdd_de#c-0094164-6634357;0.7884197408896653
cmt_en#c-9519178-7885109;sigkdd_de#c-2769827-8195865;sigkdd_de#op-2955099-2207630;1.1728772010144624
