;target;prediction_target_1;metric_1
conference_de#c-4756237-0913680;confOf_en#c-4888780-4443103;owl#someValuesFrom;1.2397525276931343
conference_de#c-0369442-7501730;confOf_en#c-6834280-4912416;confOf_en#c-2124079-9413007;0.838690885948635
conference_de#op-4737759-4638811;confOf_en#op-8030807-5984904;confOf_en#op-8030807-5984904;1.1208765935854048
conference_de#c-2852856-4092117;confOf_en#c-3734266-2898610;confOf_en#c-8729640-0951717;0.8327383122767255
conference_de#ent-4771576-9028029;confOf_en#ent-8227140-2506031;confOf_en#ent-4532930-2199897;0.8729366964245876
