;target;prediction_target_1;metric_1
conference_en#c-0153241-8442178;sigkdd_de#c-0695531-5412063;sigkdd_de#c-0695531-5412063;0.3850361329154848
conference_en#op-5728539-7928456;sigkdd_de#op-2955099-2207630;sigkdd_de#op-2955099-2207630;0.4755104078292427
conference_en#c-0975007-5643450;sigkdd_de#c-6217268-0289211;sigkdd_de#c-6217268-0289211;0.45689868937887196
conference_en#c-2974852-3474918;sigkdd_de#c-6469555-3746715;konferenzteilnehmer;0.9388946313338808
conference_en#c-3746645-9598977;sigkdd_de#c-1975722-3062538;sigkdd_de#c-1975722-3062538;0.1864206621923797
conference_en#c-9312690-4124149;sigkdd_de#c-6140019-6453251;sigkdd_de#c-6140019-6453251;0.5403731239907179
conference_en#c-6525918-2089133;sigkdd_de#c-2769827-8195865;sigkdd_de#c-2769827-8195865;0.24336538537099067
conference_en#c-7081035-6117083;sigkdd_de#c-0094164-6634357;sigkdd_de#c-1670757-7005751;0.8301946562535663
conference_en#op-0316178-5626069;sigkdd_de#op-0836929-5233701;sigkdd_de#op-0836929-5233701;0.3139318362140338
