;target;prediction_target_1;metric_1
conference_en#c-0513615-7095489;sigkdd_de#c-6985541-3131901;sigkdd_de#c-1975722-3062538;0.7646965839534978
conference_en#c-7121259-3662514;sigkdd_de#c-1052931-1641701;sigkdd_de#c-1670757-7005751;1.0271155296247123
conference_en#c-4444483-2447834;sigkdd_de#c-9282764-4133286;sigkdd_de#c-2769827-8195865;1.0328975004622616
conference_en#c-9453090-9458986;sigkdd_de#c-9302905-7296086;hotel;1.1677535268767942
conference_en#ent-4516568-5595755;sigkdd_de#ent-0138865-5902109;gezahlt;1.0950784396248245
conference_en#c-5005169-5278256;sigkdd_de#c-4301546-5674434;sigkdd_de#c-1670757-7005751;0.996220199308909
