;target;prediction_target_1;metric_1
conference_de#c-6600254-2450629;sigkdd_en#c-7357680-6909888;sigkdd_en#c-7357680-6909888;0.44606138558722813
conference_de#c-3040625-6424461;sigkdd_en#c-4512427-8358882;sigkdd_en#c-4512427-8358882;0.6649807165071309
conference_de#op-1806324-3972847;sigkdd_en#op-4778648-3039012;sigkdd_en#op-4778648-3039012;0.26540951488991044
conference_de#c-2852856-4092117;sigkdd_en#c-4834530-8825541;sigkdd_en#c-4834530-8825541;0.21143301710339846
conference_de#c-6508590-8109709;sigkdd_en#c-3661201-8652994;sigkdd_en#op-4467419-9190823;0.9624298880903466
conference_de#c-8195847-6754106;sigkdd_en#c-5937062-8520809;main;0.45254970399936906
conference_de#ent-5299945-7988874;sigkdd_en#ent-6795922-7675825;sigkdd_en#ent-6795922-7675825;0.8486636495880978
conference_de#c-1521137-1761392;sigkdd_en#c-2288341-0956338;price;0.5528109113573257
conference_de#c-2807153-3693543;sigkdd_en#c-6792972-5439604;sigkdd_en#c-6792972-5439604;0.2143497879791653
