;target;prediction_target_1;metric_1
conference_de#c-5694210-3113803;sigkdd_en#c-5031073-5159430;sigkdd_en#c-9656043-0451863;1.0028997032135885
conference_de#c-7096317-3412127;sigkdd_en#c-3967774-8138616;sigkdd_en#ent-6795922-7675825;0.9097590054149135
conference_de#c-0369442-7501730;sigkdd_en#c-3705916-7930602;sigkdd_en#c-7357680-6909888;0.7933877751272419
conference_de#c-7521012-9493261;sigkdd_en#c-4448805-6156000;sigkdd_en#c-6792972-5439604;1.0238817535903235
conference_de#c-9625814-4995879;sigkdd_en#c-4956507-8354862;stay;0.9803001638130945
conference_de#op-6034483-9201945;sigkdd_en#op-5101248-3088535;sigkdd_en#op-4778648-3039012;0.33747964843513856
