;target;prediction_target_1;metric_1
iasted_de#c-9964978-6784653;sigkdd_en#c-3661201-8652994;sigkdd_en#c-2288341-0956338;0.9441471551028117
iasted_de#c-1107430-2739895;sigkdd_en#c-6356419-4596819;sigkdd_en#c-6356419-4596819;0.09090544336364927
iasted_de#c-5938213-2144206;sigkdd_en#c-4402529-2023643;sigkdd_en#c-4402529-2023643;0.6784074307548599
iasted_de#c-6456542-4680337;sigkdd_en#c-4834530-8825541;sigkdd_en#c-4834530-8825541;0.12138118236266542
