;target;prediction_target_1;metric_1
cmt_de#c-7511748-5827387;iasted_en#c-7587641-3301519;iasted_en#c-5588553-6263947;1.2898746347177696
cmt_de#c-2036030-6478102;iasted_en#c-4646685-6576496;_:B4fc2f702X2D1c83X2D4914X2D91b7X2D20b1540e70a6;1.280270263291003
cmt_de#c-9804348-4921383;iasted_en#c-2396070-5020573;iasted_en#c-6696592-0636720;1.2581323157242388
cmt_de#c-5062955-9564132;iasted_en#c-2174181-3520068;owl#onProperty;1.2885169893462973
