;target;prediction_target_1;metric_1
conference_en#c-8279198-9011918;confOf_de#c-3756950-6271891;confOf_de#c-0553488-4726167;0.9175373646257574
conference_en#c-6525918-2089133;confOf_de#c-2683474-6183904;confOf_de#c-8182861-6425712;0.9493259954216022
