;target;prediction_target_1;metric_1
cmt_de#c-9804348-4921383;conference_en#c-6525918-2089133;conference_en#c-4101654-3843816;1.207341099671919
cmt_de#c-7914897-1988765;conference_en#c-0918067-8070827;conference_en#c-4444483-2447834;0.48524798695526583
cmt_de#c-3554876-1135672;conference_en#c-7121259-3662514;_:Bdf0da0fcX2D3c63X2D473aX2Dbb9eX2D8dbde6278b21;0.9742042194368261
