;target;prediction_target_1;metric_1
conference_de#c-8237344-7989230;confOf_en#c-8729640-0951717;confOf_en#c-8729640-0951717;0.33143682727514345
conference_de#c-1859422-0439299;confOf_en#c-2124079-9413007;confOf_en#c-2124079-9413007;0.23938266417134094
conference_de#c-2734491-0275940;confOf_en#c-2402287-2880350;confOf_en#c-2402287-2880350;0.48171975149784535
conference_de#c-5236249-1093814;confOf_en#c-4855691-2375415;confOf_en#c-4855691-2375415;0.3178183625245301
conference_de#c-8115832-0092831;confOf_en#c-1804480-3618243;confOf_en#c-1804480-3618243;0.2384577357078872
conference_de#c-5694210-3113803;confOf_en#c-5307218-6000981;confOf_en#c-5307218-6000981;0.33176682379798544
conference_de#c-2852856-4092117;confOf_en#c-3734266-2898610;confOf_en#c-3734266-2898610;0.35501051344481893
