;target;prediction_target_1;metric_1
conference_de#ent-5299945-7988874;confOf_en#ent-4532930-2199897;confOf_en#c-2402287-2880350;0.8457263410653963
conference_de#c-4756237-0913680;confOf_en#c-4888780-4443103;owl#inverseOf;1.2084382718138984
conference_de#c-0369442-7501730;confOf_en#c-6834280-4912416;confOf_en#c-2124079-9413007;0.7822101608624419
conference_de#c-2807153-3693543;confOf_en#c-6922761-6569068;confOf_en#c-5307218-6000981;0.9909662105020974
conference_de#c-1479504-0321675;confOf_en#c-9890668-1988204;confOf_en#c-4855691-2375415;0.6549061766466058
conference_de#op-4737759-4638811;confOf_en#op-8030807-5984904;confOf_en#op-5103134-5854227;1.0459543993334972
conference_de#ent-4771576-9028029;confOf_en#ent-8227140-2506031;confOf_en#c-2402287-2880350;0.8565246285169023
conference_de#ent-3965541-6558239;confOf_en#ent-1716167-5904495;confOf_en#c-2402287-2880350;0.8620094461793575
