;target;prediction_target_1;metric_1
cmt_en#c-8066557-3199962;confOf_de#c-4973711-7358267;confOf_de#c-4973711-7358267;0.030338032297558572
cmt_en#op-8724798-7163354;confOf_de#op-0668174-3248392;confOf_de#op-0668174-3248392;0.05131452096680214
