;target;prediction_target_1;metric_1
confOf_en#c-4184138-3261067;iasted_de#c-9753371-0023373;iasted_de#c-1251407-2550325;1.150576712979855
confOf_en#c-3734266-2898610;iasted_de#c-6456542-4680337;_:B1d5c244eX2D61d0X2D4862X2D8a16X2D7d3878346ba0;1.2090043589770265
confOf_en#c-6922761-6569068;iasted_de#c-2379893-4624688;iasted_de#c-5666659-9715348;1.2333180301210558
