;target;prediction_target_1;metric_1
cmt_en#c-4062369-5383392;sigkdd_de#c-5541011-4485740;hat;1.2284644206589572
cmt_en#c-8693270-2767092;sigkdd_de#c-6140019-6453251;_:B598de031X2D969eX2D43d0X2Da7f7X2Dc13c276d510b;1.217557199043715
cmt_en#c-2079829-2275666;sigkdd_de#c-7606899-8734332;registrierungsbeitrag;1.0866276764130098
cmt_en#c-6029021-0998116;sigkdd_de#c-6469555-3746715;sigkdd_de#c-1975722-3062538;1.0002209006306058
cmt_en#c-5375467-1655905;sigkdd_de#c-1052931-1641701;sigkdd_de#c-9282764-4133286;1.0711730023410366
cmt_en#c-6062733-3218604;sigkdd_de#c-3760592-8292146;den;1.1603912614358038
cmt_en#c-2074692-1147118;sigkdd_de#c-6217268-0289211;sigkdd_de#c-9937182-0544372;1.1517933702601493
cmt_en#c-9519178-7885109;sigkdd_de#c-2769827-8195865;sigkdd_de#op-3901475-6910808;1.2720504910551684
