;target;prediction_target_1;metric_1
cmt_en#c-3027646-3365825;sigkdd_de#c-9282764-4133286;sigkdd_de#c-9282764-4133286;0.024504517193207804
cmt_en#c-5409377-9286012;sigkdd_de#c-1975722-3062538;sigkdd_de#c-1975722-3062538;0.2562584941426247
cmt_en#ent-1648737-1451089;sigkdd_de#ent-0138865-5902109;sigkdd_de#ent-0138865-5902109;0.6397507337079253
cmt_en#op-4706944-2787728;sigkdd_de#op-7778495-5250855;sigkdd_de#op-7778495-5250855;0.31916599564993337
