;target;prediction_target_1;metric_1
cmt_en#c-6062733-3218604;confOf_de#c-0977717-2950137;confOf_de#c-0977717-2950137;0.3930666613042199
cmt_en#c-8066557-3199962;confOf_de#c-4973711-7358267;confOf_de#c-4973711-7358267;0.21652848656327828
cmt_en#op-7452997-4133095;confOf_de#op-9873670-8357831;confOf_de#op-9873670-8357831;0.19784887637227463
cmt_en#c-4062369-5383392;confOf_de#c-4439571-8274936;confOf_de#c-4439571-8274936;0.41464440477639636
cmt_en#op-2852745-7435295;confOf_de#op-4508989-0566286;confOf_de#op-4508989-0566286;0.19503598209891448
