;target;prediction_target_1;metric_1
cmt_de#c-7511748-5827387;iasted_en#c-7587641-3301519;_:Bb26847acX2D3bc7X2D49e1X2Db54cX2D38063da49577;1.2598047854138401
cmt_de#c-2036030-6478102;iasted_en#c-4646685-6576496;iasted_en#c-7587641-3301519;1.2875269198922559
cmt_de#c-9804348-4921383;iasted_en#c-2396070-5020573;_:Bfee8ed46X2D44a0X2D45b7X2Dab2dX2D21334a558746;1.2734373658749158
cmt_de#c-5062955-9564132;iasted_en#c-2174181-3520068;_:B573171dbX2D1765X2D4e65X2D9e4fX2Db68dea94e8b1;1.2255519501615184
