;target;prediction_target_1;metric_1
cmt_en#c-0430420-0075813;conference_de#c-6600254-2450629;conference_de#c-1810344-8487780;0.33897644482059125
cmt_en#c-8693270-2767092;conference_de#c-7521012-9493261;conference_de#op-8125573-9330488;1.0666583513926444
cmt_en#c-5375467-1655905;conference_de#c-8195847-6754106;_:B31ba1086X2D3645X2D44e9X2Dbbe6X2Dd512410230ae;0.8538392449504576
cmt_en#c-3969637-3563037;conference_de#c-4756237-0913680;isbn;0.8448382087139689
