;target;prediction_target_1;metric_1
iasted_en#c-3616860-0256541;sigkdd_de#c-1670757-7005751;sigkdd_de#op-2344492-4602298;1.2021182342439987
iasted_en#c-7464317-0926432;sigkdd_de#c-9302905-7296086;sigkdd_de#c-9302905-7296086;1.0164429666765646
iasted_en#c-0995110-2084431;sigkdd_de#c-7783492-1910067;sigkdd_de#c-7606899-8734332;1.2246090101615055
iasted_en#c-3390147-9518013;sigkdd_de#c-7753839-9560987;_:Bb4142db8X2D67b8X2D418dX2D960dX2D5e4c59c4ef3f;1.2047843661904034
iasted_en#c-2396070-5020573;sigkdd_de#c-2769827-8195865;sigkdd_de#c-6217268-0289211;1.2600397433713395
iasted_en#c-4700670-6960019;sigkdd_de#c-4711434-5769445;sigkdd_de#c-0695531-5412063;1.0148252569879819
