;target;prediction_target_1;metric_1
iasted_en#c-4646685-6576496;sigkdd_de#c-6469555-3746715;sigkdd_de#c-6469555-3746715;0.9707001724531813
iasted_en#c-8889798-1079873;sigkdd_de#c-7808089-4928984;sigkdd_de#c-0094164-6634357;0.8910305802143645
iasted_en#c-9595802-8962494;sigkdd_de#c-3867058-2838516;sigkdd_de#c-3867058-2838516;0.35734656352533367
iasted_en#c-9677685-8341994;sigkdd_de#c-3477390-2381487;sigkdd_de#c-3477390-2381487;0.23639684795721447
iasted_en#c-0409829-5411561;sigkdd_de#c-5524974-3116937;sigkdd_de#c-5524974-3116937;0.3708579375856746
iasted_en#c-3433144-4931823;sigkdd_de#c-5850113-5122819;sigkdd_de#c-5850113-5122819;0.6526451689759497
iasted_en#c-7587641-3301519;sigkdd_de#c-6217268-0289211;sigkdd_de#c-6217268-0289211;0.13382621089628868
iasted_en#c-3686523-4526492;sigkdd_de#c-9038315-6127488;sigkdd_de#c-9038315-6127488;0.28600517518996976
iasted_en#c-3110153-2691987;sigkdd_de#c-7203961-8308851;sigkdd_de#c-7203961-8308851;0.2618730787332257
