;target;prediction_target_1;metric_1
confOf_en#c-4184138-3261067;iasted_de#c-9753371-0023373;_:B7608b2edX2D3d99X2D4ddeX2D8cc8X2Dd41a0de16b57;1.234762549714297
confOf_en#c-3734266-2898610;iasted_de#c-6456542-4680337;iasted_de#c-2111145-0530504;1.2775748479510702
confOf_en#c-6922761-6569068;iasted_de#c-2379893-4624688;_:B1cef7213X2Dd6e3X2D4cc0X2D9957X2Dde6d5092314f;1.2255275503163952
confOf_en#c-9180297-9494437;iasted_de#c-5921217-1214579;_:B2e71bd9dX2Df13eX2D48c7X2Da592X2D3037e1402cf1;1.2880746160695513
confOf_en#c-5404723-6232359;iasted_de#c-2743144-1626551;_:B4798e202X2Dad2aX2D4da7X2D8e9bX2Da51a4985986f;1.2631404697581707
confOf_en#c-5851222-7607068;iasted_de#c-2903473-8446322;iasted_de#op-6751872-1328733;1.2889451600290325
confOf_en#c-5948332-3267518;iasted_de#c-1251407-2550325;_:B09691c1fX2D2b9eX2D4f47X2D92c4X2D6032233c362b;1.287550673308559
confOf_en#c-9890668-1988204;iasted_de#c-6959391-5712840;_:B28bec54cX2D364aX2D434bX2D940cX2D7239bbf58c2b;1.2968355593750565
confOf_en#c-3748486-8385244;iasted_de#c-5666659-9715348;_:B40fae441X2D741fX2D453dX2D9953X2De2e1b99b176b;1.2430761763798153
