;target;prediction_target_1;metric_1
iasted_de#c-6456542-4680337;sigkdd_en#c-4834530-8825541;sigkdd_en#c-4834530-8825541;0.06394924968124409
iasted_de#c-8935754-6759043;sigkdd_en#c-9932783-9574589;sigkdd_en#c-9932783-9574589;0.46491583422962196
