;target;prediction_target_1;metric_1
conference_de#c-2365620-6793184;iasted_en#c-2174181-3520068;iasted_en#op-1301961-3228494;0.9471164246182494
conference_de#c-1450635-6067268;iasted_en#c-6088495-8861567;iasted_en#op-1567823-7909896;0.9491274329476385
