;target;prediction_target_1;metric_1
cmt_de#c-0277212-8406046;sigkdd_en#c-3705916-7930602;bronze;1.0942518807294976
cmt_de#c-3386094-8929437;sigkdd_en#c-4448805-6156000;sigkdd_en#c-5937062-8520809;1.0102076491126957
cmt_de#c-5356419-0853732;sigkdd_en#c-5268789-8381535;sigkdd_en#c-7287097-6354392;0.6005734493274035
cmt_de#ent-4152612-5306614;sigkdd_en#ent-6795922-7675825;sigkdd_en#op-1929902-8457454;1.1694804757683726
cmt_de#c-3554876-1135672;sigkdd_en#c-5937062-8520809;sigkdd_en#ent-5985310-3715518;1.0123349118986948
cmt_de#c-7511748-5827387;sigkdd_en#c-4834530-8825541;sigkdd_en#c-4408098-5910124;0.496208719260039
cmt_de#op-5588430-7223994;sigkdd_en#op-4588680-8309474;paid;1.1280562899651925
cmt_de#c-9804348-4921383;sigkdd_en#c-6792972-5439604;in;1.265577841781619
