;target;prediction_target_1;metric_1
iasted_en#c-7464317-0926432;sigkdd_de#c-9302905-7296086;sigkdd_de#c-3867058-2838516;1.039029404020995
iasted_en#c-3433144-4931823;sigkdd_de#c-5850113-5122819;sigkdd_de#c-7808089-4928984;0.9827095423748268
iasted_en#c-0995110-2084431;sigkdd_de#c-7783492-1910067;sigkdd_de#c-1670757-7005751;1.060061380778906
iasted_en#c-3390147-9518013;sigkdd_de#c-7753839-9560987;sigkdd_de#c-1670757-7005751;1.1539843596850052
