;target;prediction_target_1;metric_1
cmt_de#c-7511748-5827387;iasted_en#c-7587641-3301519;iasted_en#c-7587641-3301519;0.14519382855073645
cmt_de#c-9804348-4921383;iasted_en#c-2396070-5020573;iasted_en#c-2396070-5020573;0.04481439960272115
cmt_de#c-5062955-9564132;iasted_en#c-2174181-3520068;iasted_en#c-2174181-3520068;0.09218189871359626
