;target;prediction_target_1;metric_1
cmt_en#c-6062733-3218604;confOf_de#c-0977717-2950137;confOf_de#c-4345951-5264002;0.84498407595252
cmt_en#c-3355504-9442806;confOf_de#c-3286368-6722233;confOf_de#c-4345951-5264002;1.0223579652550074
cmt_en#c-3027646-3365825;confOf_de#c-8182861-6425712;rdf-schema#label;1.2252224153158724
