;target;prediction_target_1;metric_1
conference_de#c-5236249-1093814;confOf_en#c-4855691-2375415;confOf_en#c-4855691-2375415;0.06526162890327268
conference_de#c-0369442-7501730;confOf_en#c-6834280-4912416;confOf_en#c-6834280-4912416;0.11092989596416789
conference_de#c-8115832-0092831;confOf_en#c-1804480-3618243;confOf_en#c-1804480-3618243;0.07749311385826876
conference_de#c-1479504-0321675;confOf_en#c-9890668-1988204;confOf_en#c-9890668-1988204;0.22437172380454753
conference_de#ent-3965541-6558239;confOf_en#ent-1716167-5904495;confOf_en#ent-1716167-5904495;0.6701717190833898
