;target;prediction_target_1;metric_1
conference_en#c-4101654-3843816;iasted_de#c-4015742-9338748;iasted_de#c-2379893-4624688;0.8049536345061412
conference_en#c-1481587-3387008;iasted_de#c-4122268-3045249;iasted_de#c-5379764-4238098;0.9374722465779263
conference_en#c-3417170-2349351;iasted_de#c-1912201-3885408;iasted_de#c-4201911-2867499;0.6058431540871978
conference_en#c-2974852-3474918;iasted_de#c-9964978-6784653;iasted_de#op-8851494-9501826;0.9858561915481037
conference_en#c-9609595-3810460;iasted_de#c-2372932-6696619;iasted_de#c-6959391-5712840;0.917134595207038
