;target;prediction_target_1;metric_1
conference_en#c-0845815-7069476;iasted_de#c-4247837-9825706;iasted_de#c-4247837-9825706;0.3889917954947808
conference_en#c-6525918-2089133;iasted_de#c-2379893-4624688;iasted_de#c-2379893-4624688;0.3440256391768607
conference_en#c-0975007-5643450;iasted_de#c-6456542-4680337;iasted_de#c-6456542-4680337;0.4690885268980478
conference_en#c-9453090-9458986;iasted_de#c-6062149-5112025;iasted_de#c-6062149-5112025;0.39987681396688124
conference_en#c-0949358-2763718;iasted_de#c-6959391-5712840;iasted_de#c-6959391-5712840;0.4056850372599836
conference_en#op-8498965-3154119;iasted_de#op-5817020-0959926;iasted_de#op-5817020-0959926;0.6678255035764424
conference_en#c-5623276-9536395;iasted_de#c-4201911-2867499;iasted_de#c-4201911-2867499;0.24632093756541631
conference_en#c-9170184-4807203;iasted_de#c-1608626-3325967;iasted_de#c-1608626-3325967;0.860222248867887
conference_en#c-9312690-4124149;iasted_de#c-5379764-4238098;iasted_de#c-5379764-4238098;0.3046166133566105
