;target;prediction_target_1;metric_1
cmt_en#op-2611597-4191733;confOf_de#op-1722644-5121501;confOf_de#op-1722644-5121501;0.3405912206145284
cmt_en#c-2074692-1147118;confOf_de#c-4345951-5264002;confOf_de#c-4345951-5264002;0.4898832726042317
cmt_en#c-6062733-3218604;confOf_de#c-0977717-2950137;confOf_de#c-0977717-2950137;0.378782184647471
cmt_en#c-8066557-3199962;confOf_de#c-4973711-7358267;confOf_de#c-4973711-7358267;0.23451263123372212
cmt_en#c-3969637-3563037;confOf_de#c-8403504-7828299;confOf_de#c-8403504-7828299;0.7522589765155111
cmt_en#op-7452997-4133095;confOf_de#op-9873670-8357831;confOf_de#op-9873670-8357831;0.3583608838842985
cmt_en#c-5409377-9286012;confOf_de#c-5598437-4596711;confOf_de#c-5598437-4596711;0.2514020548703277
cmt_en#ent-1648737-1451089;confOf_de#ent-7472904-1496645;confOf_de#ent-7472904-1496645;0.8524684421375341
