;target;prediction_target_1;metric_1
cmt_en#c-3355504-9442806;confOf_de#c-3286368-6722233;confOf_de#c-4973711-7358267;1.0872860872751549
cmt_en#ent-7592571-9671564;confOf_de#ent-5742004-8000728;confOf_de#op-9873670-8357831;0.9673430173462332
cmt_en#c-4413043-1523228;confOf_de#c-0553488-4726167;confOf_de#op-1722644-5121501;0.9431932142659247
cmt_en#op-8724798-7163354;confOf_de#op-0668174-3248392;confOf_de#op-1722644-5121501;0.6497562347373704
cmt_en#c-3027646-3365825;confOf_de#c-8182861-6425712;ereignis;1.1700314092363662
cmt_en#c-4062369-5383392;confOf_de#c-4439571-8274936;confOf_de#c-0977717-2950137;0.6150440527313327
cmt_en#op-2852745-7435295;confOf_de#op-4508989-0566286;confOf_de#op-9873670-8357831;0.9581694141429693
cmt_en#c-9519178-7885109;confOf_de#c-2683474-6183904;confOf_de#c-8403504-7828299;1.2357667669010544
