;target;prediction_target_1;metric_1
iasted_de#c-5119860-9323326;sigkdd_en#c-1350325-0780321;sigkdd_en#c-4956507-8354862;1.2395832836311593
iasted_de#c-4201911-2867499;sigkdd_en#c-1214605-4064522;sigkdd_en#c-3063358-7931866;1.2973600841125832
iasted_de#c-8935754-6759043;sigkdd_en#c-9932783-9574589;place;1.1239144145509283
iasted_de#c-1912201-3885408;sigkdd_en#c-8570424-4038182;sigkdd_en#c-4834530-8825541;1.0563266230719912
