;target;prediction_target_1;metric_1
conference_de#c-7096317-3412127;iasted_en#c-7464317-0926432;_:B9ec1cfe2X2D4f31X2D4565X2D8bcaX2D6f38c5c0a63a;1.179310277475957
conference_de#c-1450635-6067268;iasted_en#c-6088495-8861567;iasted_en#c-2297379-6540044;0.9986383667853589
conference_de#c-7521012-9493261;iasted_en#c-0201298-3231355;iasted_en#c-1873801-1221522;0.8953276417809259
