;target;prediction_target_1;metric_1
conference_de#c-2807153-3693543;iasted_en#c-2396070-5020573;iasted_en#c-2396070-5020573;0.4382460577894159
conference_de#c-2852856-4092117;iasted_en#c-7587641-3301519;iasted_en#c-7587641-3301519;0.3697714239577287
conference_de#c-1479504-0321675;iasted_en#c-2297379-6540044;iasted_en#c-2297379-6540044;0.23220229871094786
conference_de#c-1308924-1537645;iasted_en#c-3686523-4526492;iasted_en#c-3686523-4526492;0.3859960187877951
conference_de#c-1450635-6067268;iasted_en#c-6088495-8861567;iasted_en#c-6088495-8861567;0.8214521347665006
conference_de#c-9365621-4628022;iasted_en#c-2980826-1784096;iasted_en#c-2980826-1784096;0.4913670339618507
conference_de#c-7521012-9493261;iasted_en#c-0201298-3231355;iasted_en#c-0201298-3231355;0.2761692820921871
