;target;prediction_target_1;metric_1
conference_de#c-2365620-6793184;iasted_en#c-2174181-3520068;iasted_en#c-2396070-5020573;0.9670937390079409
conference_de#c-2731220-6600456;iasted_en#c-0887025-3124194;iasted_en#c-0201298-3231355;1.0409630531400744
conference_de#c-6041715-6986615;iasted_en#c-1873801-1221522;iasted_en#c-0201298-3231355;0.9777073177329244
conference_de#c-7096317-3412127;iasted_en#c-7464317-0926432;_:B498f4e2cX2D9ca6X2D42f0X2D9ccbX2D41360013fa12;1.1914631652584171
conference_de#op-5642484-4870984;iasted_en#op-1301961-3228494;iasted_en#op-1567823-7909896;1.0940203235199402
conference_de#c-2883309-0508630;iasted_en#c-4700670-6960019;iasted_en#c-3686523-4526492;0.7220232032204656
conference_de#c-6508590-8109709;iasted_en#c-4646685-6576496;iasted_en#c-0201298-3231355;1.0771260542267451
