;target;prediction_target_1;metric_1
cmt_en#c-1611583-0668331;conference_de#c-6828546-9901709;conference_de#c-3560304-9366401;1.0100000591476739
cmt_en#c-2074692-1147118;conference_de#c-2852856-4092117;conference_de#c-9185334-5782431;1.0734639526040046
cmt_en#c-0430420-0075813;conference_de#c-6600254-2450629;conference_de#c-1810344-8487780;0.5079393098066548
