;target;prediction_target_1;metric_1
cmt_de#c-3386094-8929437;conference_en#c-9312690-4124149;conference_en#c-3013589-3595599;1.0865808551256522
cmt_de#c-7914897-1988765;conference_en#c-4444483-2447834;_:Bbf5f3c0dX2D2fb7X2D4e47X2D9439X2D67fcffeb00f4;1.1869049492397028
cmt_de#c-7914897-1988765;conference_en#c-0918067-8070827;_:Bbf5f3c0dX2D2fb7X2D4e47X2D9439X2D67fcffeb00f4;1.1869049492397028
cmt_de#ent-4152612-5306614;conference_en#ent-4516568-5595755;_:Bb7da38b5X2D2d8eX2D487bX2Db6b2X2D85f4de4309da;0.7358419849977615
