;target;prediction_target_1;metric_1
cmt_en#c-2074692-1147118;iasted_de#c-6456542-4680337;_:B38d16167X2D9c5cX2D4f68X2Dbd44X2D8b8d6b69b6b1;1.2658862594784013
cmt_en#c-6029021-0998116;iasted_de#c-9964978-6784653;owl#ObjectProperty;1.2240940833956842
cmt_en#c-9519178-7885109;iasted_de#c-2379893-4624688;iasted_de#c-2379893-4624688;1.3136777950385363
cmt_en#c-8707801-9291338;iasted_de#c-4015742-9338748;_:B96354e2fX2De62eX2D43f9X2Db10aX2Dc44bc8bedb01;1.2972825226109677
