;target;prediction_target_1;metric_1
cmt_en#op-2611597-4191733;confOf_de#op-1722644-5121501;confOf_de#op-0668174-3248392;0.8185231462531715
cmt_en#c-6062733-3218604;confOf_de#c-0977717-2950137;confOf_de#c-4439571-8274936;0.7236321357999422
cmt_en#c-8066557-3199962;confOf_de#c-4973711-7358267;confOf_de#c-4345951-5264002;0.8507018271503185
cmt_en#op-7452997-4133095;confOf_de#op-9873670-8357831;confOf_de#ent-1324673-6996465;0.8470211236263735
cmt_en#c-5409377-9286012;confOf_de#c-5598437-4596711;confOf_de#ent-5742004-8000728;0.9993389888152397
cmt_en#ent-1648737-1451089;confOf_de#ent-7472904-1496645;confOf_de#c-8403504-7828299;0.9960017090273751
