;target;prediction_target_1;metric_1
conference_de#c-6600254-2450629;sigkdd_en#c-7357680-6909888;sigkdd_en#c-7357680-6909888;0.37648432110115726
conference_de#c-6508590-8109709;sigkdd_en#c-3661201-8652994;document;0.7576179768052059
conference_de#c-7521012-9493261;sigkdd_en#c-4448805-6156000;sigkdd_en#c-4448805-6156000;0.10376389352193392
conference_de#c-9625814-4995879;sigkdd_en#c-4956507-8354862;sigkdd_en#c-4956507-8354862;0.424190088211441
