;target;prediction_target_1;metric_1
conference_en#c-5450625-9274279;confOf_de#c-2472530-7442299;confOf_de#c-2472530-7442299;0.043854850328185625
conference_en#c-8279198-9011918;confOf_de#c-3756950-6271891;confOf_de#c-3756950-6271891;0.10986825120351285
conference_en#c-0975007-5643450;confOf_de#c-4345951-5264002;confOf_de#c-4345951-5264002;0.19182056352329455
