;target;prediction_target_1;metric_1
cmt_de#c-7511748-5827387;iasted_en#c-7587641-3301519;sponsor;1.3058028322515243
cmt_de#c-2036030-6478102;iasted_en#c-4646685-6576496;_:B0abd581cX2D05b1X2D4017X2Db7b4X2Db1b7e6b31029;1.3143836812833596
cmt_de#c-9804348-4921383;iasted_en#c-2396070-5020573;_:B0abd581cX2D05b1X2D4017X2Db7b4X2Db1b7e6b31029;1.2389657425117389
cmt_de#c-5062955-9564132;iasted_en#c-2174181-3520068;iasted_en#c-0531925-8203664;1.2997733871577914
