;target;prediction_target_1;metric_1
cmt_de#c-2276280-7516043;conference_en#c-4401355-0431935;conference_en#c-4401355-0431935;0.5089476295170261
cmt_de#c-3386094-8929437;conference_en#c-9312690-4124149;conference_en#c-9312690-4124149;0.4425153880607514
cmt_de#c-3554876-1135672;conference_en#c-7121259-3662514;conference_en#c-7121259-3662514;0.3054475105563858
cmt_de#c-5403940-4193578;conference_en#c-8170886-3522509;conference_en#c-8170886-3522509;0.7259410607877289
cmt_de#c-7914897-1988765;conference_en#c-4444483-2447834;conference_en#c-4444483-2447834;0.4040801361007881
cmt_de#c-8450582-0542304;conference_en#c-0513615-7095489;conference_en#c-1432286-4789153;0.35436521375874774
cmt_de#c-8450582-0542304;conference_en#c-1432286-4789153;conference_en#c-1432286-4789153;0.35436521375874774
cmt_de#op-7181260-5606687;conference_en#op-8925105-7780939;conference_en#op-8925105-7780939;0.5310958698268042
cmt_de#op-8350630-9441009;conference_en#op-3595853-4712760;conference_en#op-3595853-4712760;0.47964349559103503
