;target;prediction_target_1;metric_1
cmt_de#c-6476451-2581059;conference_en#c-3013589-3595599;conference_en#c-7121259-3662514;1.011704167432958
cmt_de#c-7511748-5827387;conference_en#c-0975007-5643450;conference_en#c-8170886-3522509;0.8758239370506794
cmt_de#c-9804348-4921383;conference_en#c-6525918-2089133;conference_en#c-9209266-2324134;1.1269125191041611
cmt_de#ent-4152612-5306614;conference_en#ent-4516568-5595755;_:Ba81b14bfX2De025X2D4026X2D8c5bX2Dac5f29e3ce2d;1.0227320759873861
cmt_de#c-2036030-6478102;conference_en#c-2974852-3474918;conference_en#c-3746645-9598977;1.0529951874605352
cmt_de#c-7914897-1988765;conference_en#c-0918067-8070827;conference_en#c-4444483-2447834;0.4040801361007881
cmt_de#c-7221579-7498183;conference_en#c-2446635-7449628;_:B63948d09X2D4890X2D47a9X2D823bX2Dacd8c35e53d1;1.0353291991341405
