;target;prediction_target_1;metric_1
iasted_de#c-5119860-9323326;sigkdd_en#c-1350325-0780321;sigkdd_en#c-1350325-0780321;0.07192094189137287
iasted_de#c-2581999-3385666;sigkdd_en#c-9975477-9791635;sigkdd_en#c-9975477-9791635;0.4266875704233295
iasted_de#c-2379893-4624688;sigkdd_en#c-6792972-5439604;sigkdd_en#c-6792972-5439604;0.06636042866096202
iasted_de#c-1912201-3885408;sigkdd_en#c-8570424-4038182;sigkdd_en#c-8570424-4038182;0.09325189365971434
