;target;prediction_target_1;metric_1
conference_en#ent-4516568-5595755;confOf_de#ent-7472904-1496645;confOf_de#ent-9875824-2357826;0.8843323728595069
conference_en#c-3746645-9598977;confOf_de#c-0553488-4726167;confOf_de#c-3756950-6271891;0.9053305612054482
conference_en#c-6525918-2089133;confOf_de#c-2683474-6183904;confOf_de#c-7620981-0130792;1.007955072190251
conference_en#c-5732310-8306083;confOf_de#c-5598437-4596711;confOf_de#c-3756950-6271891;1.0114345666591473
conference_en#c-4444483-2447834;confOf_de#c-8182861-6425712;confOf_de#c-2463275-9197848;0.8668126735478326
conference_en#op-6979143-6235556;confOf_de#op-4302120-7233512;confOf_de#ent-9875824-2357826;0.9744159877010943
conference_en#c-0975007-5643450;confOf_de#c-4345951-5264002;confOf_de#c-4861385-1103485;1.1648399221122798
