;target;prediction_target_1;metric_1
conference_en#c-5450625-9274279;confOf_de#c-2472530-7442299;confOf_de#c-2472530-7442299;0.17660248359457725
conference_en#c-8279198-9011918;confOf_de#c-3756950-6271891;confOf_de#c-3756950-6271891;0.09314726979644522
conference_en#c-7255821-5359025;confOf_de#c-6031375-0881001;confOf_de#c-6031375-0881001;0.580843541860624
conference_en#c-2446635-7449628;confOf_de#c-8403504-7828299;confOf_de#c-8403504-7828299;0.21587718964438685
conference_en#c-8376732-6542959;confOf_de#c-7620981-0130792;confOf_de#c-7620981-0130792;0.39720331390431096
conference_en#c-0949358-2763718;confOf_de#c-2463275-9197848;confOf_de#c-2463275-9197848;0.4255267410724189
conference_en#ent-9588809-0668690;confOf_de#ent-9875824-2357826;confOf_de#ent-9875824-2357826;0.7132914683082097
conference_en#ent-8856556-5729357;confOf_de#ent-0303881-5975791;confOf_de#ent-0303881-5975791;0.828233670453025
