;target;prediction_target_1;metric_1
cmt_de#c-7221579-7498183;confOf_en#c-4888780-4443103;setting;1.1058253038798977
cmt_de#op-9131907-0871491;confOf_en#op-6508666-4665772;confOf_en#op-6734207-8272486;0.6952344347768228
cmt_de#op-3286624-6409948;confOf_en#op-8176347-7547891;confOf_en#ent-4646280-6521925;0.3437373259673445
cmt_de#ent-4152612-5306614;confOf_en#ent-4532930-2199897;_:B9388416fX2Dde5bX2D4d41X2Da83cX2D5e0edd321681;1.1261553517022025
