;target;prediction_target_1;metric_1
conference_de#c-8237344-7989230;confOf_en#c-8729640-0951717;confOf_en#c-8729640-0951717;0.09213038016357832
conference_de#c-4756237-0913680;confOf_en#c-4888780-4443103;confOf_en#c-4888780-4443103;0.37265043136116927
conference_de#c-5694210-3113803;confOf_en#c-5307218-6000981;confOf_en#c-5307218-6000981;0.09076579402241017
conference_de#ent-4771576-9028029;confOf_en#ent-8227140-2506031;confOf_en#ent-8227140-2506031;0.5235841476511466
