;target;prediction_target_1;metric_1
conference_en#c-5450625-9274279;confOf_de#c-2472530-7442299;confOf_de#c-2472530-7442299;0.09276746100456269
conference_en#c-7255821-5359025;confOf_de#c-6031375-0881001;confOf_de#c-6031375-0881001;0.4036014131350582
conference_en#c-0949358-2763718;confOf_de#c-2463275-9197848;confOf_de#c-2463275-9197848;0.12733499966692793
conference_en#ent-9588809-0668690;confOf_de#ent-9875824-2357826;confOf_de#ent-9875824-2357826;0.6695136310206823
