;target;prediction_target_1;metric_1
conference_en#c-0975007-5643450;sigkdd_de#c-6217268-0289211;sigkdd_de#c-2334066-8778202;1.115324287344987
conference_en#c-7121259-3662514;sigkdd_de#c-1052931-1641701;preis;0.8802733339498323
conference_en#c-4444483-2447834;sigkdd_de#c-9282764-4133286;_:Bef46cebeX2D3473X2D4ecdX2Db2efX2D228dd9294d8e;1.0743883894864084
conference_en#c-7081035-6117083;sigkdd_de#c-0094164-6634357;webmaster;0.9278409305568166
