;target;prediction_target_1;metric_1
confOf_en#c-6922761-6569068;sigkdd_de#c-2769827-8195865;sigkdd_de#c-7606899-8734332;1.2087768430143562
confOf_en#c-4940510-7116222;sigkdd_de#c-5541011-4485740;sigkdd_de#c-3760592-8292146;1.2802171804031692
confOf_en#ent-4532930-2199897;sigkdd_de#ent-0138865-5902109;sigkdd_de#c-3760592-8292146;1.1306425133867282
confOf_en#c-3734266-2898610;sigkdd_de#c-6217268-0289211;sigkdd_de#c-3760592-8292146;0.9261066214456423
confOf_en#c-5307218-6000981;sigkdd_de#c-9282764-4133286;sigkdd_de#ent-1700090-3901005;1.2785757156809925
confOf_en#c-6834280-4912416;sigkdd_de#c-1975722-3062538;owl#equivalentClass;1.3507188618210881
