;target;prediction_target_1;metric_1
iasted_en#c-0409829-5411561;sigkdd_de#c-5524974-3116937;sigkdd_de#c-3054994-1434064;0.9633153248793572
iasted_en#c-3433144-4931823;sigkdd_de#c-5850113-5122819;sigkdd_de#c-6985541-3131901;1.0647368991890476
iasted_en#c-3390147-9518013;sigkdd_de#c-7753839-9560987;sigkdd_de#op-2911102-2799433;1.118206179931317
