;target;prediction_target_1;metric_1
conference_de#op-1806324-3972847;sigkdd_en#op-4778648-3039012;sigkdd_en#op-5101248-3088535;0.3628759938028871
conference_de#c-2852856-4092117;sigkdd_en#c-4834530-8825541;sigkdd_en#c-4512427-8358882;0.8786274451969339
conference_de#c-6508590-8109709;sigkdd_en#c-3661201-8652994;sigkdd_en#c-4561947-0725440;0.9026943219388052
conference_de#ent-5299945-7988874;sigkdd_en#ent-6795922-7675825;sigkdd_en#c-3967774-8138616;0.648042653356108
conference_de#c-0369442-7501730;sigkdd_en#c-3705916-7930602;sigkdd_en#c-7357680-6909888;0.8481862571539031
conference_de#c-1521137-1761392;sigkdd_en#c-2288341-0956338;sigkdd_en#c-2288341-0956338;0.7364517219766876
conference_de#c-2807153-3693543;sigkdd_en#c-6792972-5439604;sigkdd_en#c-1144746-3205183;1.0619675031655225
