;target;prediction_target_1;metric_1
conference_de#c-6600254-2450629;sigkdd_en#c-7357680-6909888;sigkdd_en#c-7357680-6909888;0.8697175991940252
conference_de#c-3040625-6424461;sigkdd_en#c-4512427-8358882;sigkdd_en#c-4512427-8358882;0.5362890831177084
conference_de#c-8195847-6754106;sigkdd_en#c-5937062-8520809;sigkdd_en#c-2288341-0956338;0.5401588647665906
conference_de#c-5694210-3113803;sigkdd_en#c-5031073-5159430;sigkdd_en#c-5031073-5159430;0.32171896815482554
conference_de#c-7096317-3412127;sigkdd_en#c-3967774-8138616;sigkdd_en#c-3967774-8138616;0.42900204418719995
conference_de#c-7521012-9493261;sigkdd_en#c-4448805-6156000;sigkdd_en#c-4448805-6156000;0.30843676307453394
conference_de#c-9625814-4995879;sigkdd_en#c-4956507-8354862;sigkdd_en#c-4956507-8354862;0.5747578922410364
conference_de#op-6034483-9201945;sigkdd_en#op-5101248-3088535;sigkdd_en#op-5101248-3088535;0.4004300192485265
