;target;prediction_target_1;metric_1
cmt_de#c-7914897-1988765;sigkdd_en#c-5031073-5159430;sigkdd_en#c-5031073-5159430;0.17680363221289325
cmt_de#c-0277212-8406046;sigkdd_en#c-3705916-7930602;sigkdd_en#c-3705916-7930602;0.317909451572853
cmt_de#c-4872876-3932965;sigkdd_en#c-4408098-5910124;sigkdd_en#c-5268789-8381535;0.5462807433365203
cmt_de#c-3386094-8929437;sigkdd_en#c-4448805-6156000;sigkdd_en#c-4448805-6156000;0.2991635600381888
cmt_de#c-2036030-6478102;sigkdd_en#c-3661201-8652994;sigkdd_en#c-3661201-8652994;1.0204504293730174
cmt_de#c-3554876-1135672;sigkdd_en#c-5937062-8520809;sigkdd_en#c-6722062-3545965;0.9741112805864269
cmt_de#c-7511748-5827387;sigkdd_en#c-4834530-8825541;sigkdd_en#c-4834530-8825541;0.587418298057799
cmt_de#op-5588430-7223994;sigkdd_en#op-4588680-8309474;sigkdd_en#op-4588680-8309474;0.4737348269330399
cmt_de#c-9804348-4921383;sigkdd_en#c-6792972-5439604;sigkdd_en#c-6792972-5439604;0.17954720041472727
