;target;prediction_target_1;metric_1
cmt_de#c-5356419-0853732;sigkdd_en#c-5268789-8381535;sigkdd_en#c-4408098-5910124;0.9554817858063758
cmt_de#ent-4152612-5306614;sigkdd_en#ent-6795922-7675825;sigkdd_en#c-3800373-8198658;1.208947290698615
cmt_de#c-7606498-1774261;sigkdd_en#c-7287097-6354392;sigkdd_en#c-5268789-8381535;0.8810909379308727
