;target;prediction_target_1;metric_1
cmt_en#c-2074692-1147118;conference_de#c-2852856-4092117;conference_de#c-2852856-4092117;0.853997305439358
cmt_en#c-8693270-2767092;conference_de#c-7521012-9493261;_:B21fa44f6X2D9220X2D4544X2Da9a0X2Deaaf2bc21c49;1.119244522680956
cmt_en#c-6029021-0998116;conference_de#c-6508590-8109709;_:Bb70f1cc7X2DeedfX2D4514X2Da54dX2D27a86e8c4ebc;1.1511456932519306
cmt_en#c-5375467-1655905;conference_de#c-8195847-6754106;conference_de#c-0436446-0249443;0.9942734526691611
cmt_en#c-3969637-3563037;conference_de#c-4756237-0913680;spät;0.6870503968887495
cmt_en#op-2798366-1946309;conference_de#op-4621167-8649272;conference_de#op-4621167-8649272;0.9313714317990496
