;target;prediction_target_1;metric_1
conference_de#c-2807153-3693543;iasted_en#c-2396070-5020573;iasted_en#c-2396070-5020573;0.046477287428605504
conference_de#c-1308924-1537645;iasted_en#c-3686523-4526492;iasted_en#c-3686523-4526492;0.043490802711886184
