;target;prediction_target_1;metric_1
iasted_de#c-3927158-8920929;sigkdd_en#c-7201186-4592712;sigkdd_en#c-7357680-6909888;1.3049223212037604
iasted_de#c-8935754-6759043;sigkdd_en#c-9932783-9574589;sigkdd_en#c-2636703-8787934;1.1145160362063276
iasted_de#c-4423435-9668662;sigkdd_en#c-4561947-0725440;sigkdd_en#c-4834530-8825541;1.1864541857285986
iasted_de#c-1912201-3885408;sigkdd_en#c-8570424-4038182;sigkdd_en#c-4512427-8358882;1.0436112281664902
