;target;prediction_target_1;metric_1
cmt_de#c-4872876-3932965;confOf_en#c-4940510-7116222;confOf_en#c-4940510-7116222;0.19617291744686247
cmt_de#c-0277212-8406046;confOf_en#c-1804480-3618243;confOf_en#c-1804480-3618243;0.22173245176498618
cmt_de#ent-4152612-5306614;confOf_en#ent-4532930-2199897;confOf_en#ent-4532930-2199897;0.4141586112776548
