;target;prediction_target_1;metric_1
conference_de#c-3040625-6424461;sigkdd_en#c-4512427-8358882;sigkdd_en#c-4834530-8825541;1.0240439742000624
conference_de#c-6508590-8109709;sigkdd_en#c-3661201-8652994;sigkdd_en#op-0358048-9340662;0.971416320304571
conference_de#ent-5299945-7988874;sigkdd_en#ent-6795922-7675825;sigkdd_en#c-3967774-8138616;0.6849990652207282
conference_de#c-1521137-1761392;sigkdd_en#c-2288341-0956338;sigkdd_en#c-9656043-0451863;0.957816860431245
conference_de#c-7521012-9493261;sigkdd_en#c-4448805-6156000;sigkdd_en#c-6792972-5439604;0.9613828540626389
