;target;prediction_target_1;metric_1
cmt_en#c-6029021-0998116;iasted_de#c-9964978-6784653;iasted_de#c-6456542-4680337;1.1603570569317634
cmt_en#c-9519178-7885109;iasted_de#c-2379893-4624688;iasted_de#c-6456542-4680337;1.2550885634143045
cmt_en#c-8707801-9291338;iasted_de#c-4015742-9338748;iasted_de#c-6456542-4680337;0.811385015855471
