;target;prediction_target_1;metric_1
cmt_en#c-0430420-0075813;conference_de#c-6600254-2450629;conference_de#op-6034483-9201945;1.0799865238163686
cmt_en#c-0430420-0075813;conference_de#c-1810344-8487780;conference_de#op-6034483-9201945;1.0799865238163686
cmt_en#c-3027646-3365825;conference_de#c-3560304-9366401;conference_de#c-5694210-3113803;0.3842606015134648
cmt_en#c-5375467-1655905;conference_de#c-8195847-6754106;conference_de#c-6508590-8109709;0.9997951674307606
cmt_en#c-8693270-2767092;conference_de#c-7521012-9493261;conference_de#c-6508590-8109709;1.0791472741467827
cmt_en#ent-1648737-1451089;conference_de#ent-5299945-7988874;conference_de#c-4756237-0913680;0.7247413371885395
