;target;prediction_target_1;metric_1
confOf_en#c-6922761-6569068;sigkdd_de#c-2769827-8195865;sigkdd_de#c-2769827-8195865;0.12334101517141396
confOf_en#c-4940510-7116222;sigkdd_de#c-5541011-4485740;sigkdd_de#c-5541011-4485740;0.1683304841892349
confOf_en#ent-4532930-2199897;sigkdd_de#ent-0138865-5902109;sigkdd_de#ent-0138865-5902109;0.19878977468192024
