;target;prediction_target_1;metric_1
confOf_en#c-3734266-2898610;sigkdd_de#c-6217268-0289211;sigkdd_de#c-6801077-9660974;1.0084780920063936
confOf_en#c-5307218-6000981;sigkdd_de#c-9282764-4133286;_:Bb3ccfc0cX2Db3c7X2D4317X2D930dX2D967ff0de9366;1.1890207492184095
confOf_en#c-8897779-7605019;sigkdd_de#c-3760592-8292146;sigkdd_de#c-6801077-9660974;1.12381284021012
confOf_en#c-6834280-4912416;sigkdd_de#c-1975722-3062538;sigkdd_de#c-9920303-9624193;1.2365979262768678
