;target;prediction_target_1;metric_1
confOf_de#c-2683474-6183904;sigkdd_en#c-6792972-5439604;sigkdd_en#c-6792972-5439604;0.19602771864643878
confOf_de#c-4439571-8274936;sigkdd_en#c-4408098-5910124;sigkdd_en#c-4408098-5910124;0.6060535125208573
confOf_de#ent-7472904-1496645;sigkdd_en#ent-6795922-7675825;sigkdd_en#ent-6795922-7675825;0.22661289986680958
confOf_de#c-4345951-5264002;sigkdd_en#c-4834530-8825541;sigkdd_en#c-4834530-8825541;0.1962488447485156
confOf_de#c-8182861-6425712;sigkdd_en#c-5031073-5159430;sigkdd_en#c-5031073-5159430;0.18095438161308372
confOf_de#c-0977717-2950137;sigkdd_en#c-7287097-6354392;sigkdd_en#c-7287097-6354392;0.729791378491194
confOf_de#c-0553488-4726167;sigkdd_en#c-3705916-7930602;sigkdd_en#c-3705916-7930602;0.3188255838126982
