;target;prediction_target_1;metric_1
iasted_de#c-5119860-9323326;sigkdd_en#c-1350325-0780321;sigkdd_en#c-9656043-0451863;1.1962528249970183
iasted_de#c-6456542-4680337;sigkdd_en#c-4834530-8825541;sigkdd_en#c-8570424-4038182;1.1366406967779756
iasted_de#c-2581999-3385666;sigkdd_en#c-9975477-9791635;owl#DatatypeProperty;1.0050711335416846
iasted_de#c-2379893-4624688;sigkdd_en#c-6792972-5439604;_:Bda83e24fX2Dd2b0X2D4a3cX2Db9e5X2D00d4c3ac56d1;1.2193957452171473
