;target;prediction_target_1;metric_1
cmt_de#c-3386094-8929437;sigkdd_en#c-4448805-6156000;sigkdd_en#c-4956507-8354862;1.1610115940457102
cmt_de#c-5356419-0853732;sigkdd_en#c-5268789-8381535;sigkdd_en#c-7287097-6354392;0.708262109812184
cmt_de#ent-4152612-5306614;sigkdd_en#ent-6795922-7675825;owl#Thing;1.2234960382567346
cmt_de#c-2036030-6478102;sigkdd_en#c-3661201-8652994;sigkdd_en#c-3705916-7930602;1.165389984693277
cmt_de#op-5588430-7223994;sigkdd_en#op-4588680-8309474;_:B16543be5X2Da718X2D4ec6X2Dadf8X2D5767642b539d;1.152703821875859
