;target;prediction_target_1;metric_1
cmt_de#c-7914897-1988765;sigkdd_en#c-5031073-5159430;sigkdd_en#c-5031073-5159430;0.10908863579267639
cmt_de#c-0277212-8406046;sigkdd_en#c-3705916-7930602;sigkdd_en#c-3705916-7930602;0.1897031753014635
cmt_de#c-4872876-3932965;sigkdd_en#c-4408098-5910124;sigkdd_en#c-4408098-5910124;0.5035238556986987
cmt_de#c-3554876-1135672;sigkdd_en#c-5937062-8520809;sigkdd_en#c-4956507-8354862;0.7296804250144804
cmt_de#c-7606498-1774261;sigkdd_en#c-7287097-6354392;sigkdd_en#c-7287097-6354392;0.3888589757256342
cmt_de#c-7511748-5827387;sigkdd_en#c-4834530-8825541;sigkdd_en#c-4834530-8825541;0.5025251796954231
cmt_de#c-9804348-4921383;sigkdd_en#c-6792972-5439604;sigkdd_en#c-6792972-5439604;0.16360613686090994
