;target;prediction_target_1;metric_1
confOf_de#c-1001355-3418487;iasted_en#c-6699217-8827140;iasted_en#c-0999620-6234504;1.01873637866491
confOf_de#c-1165971-3665910;iasted_en#c-9193120-6084737;_:Bc5f0ebf2X2D7df8X2D4756X2D9834X2D5ed0c54a08b4;1.0248160181072314
confOf_de#c-2463275-9197848;iasted_en#c-2297379-6540044;iasted_en#c-0999620-6234504;0.9845047417618437
