;target;prediction_target_1;metric_1
confOf_de#c-1165971-3665910;iasted_en#c-9193120-6084737;iasted_en#c-9193120-6084737;0.006635780220870474
confOf_de#c-0652717-7598825;iasted_en#c-0579327-2823478;iasted_en#c-0579327-2823478;0.004641146940960264
