;target;prediction_target_1;metric_1
confOf_de#c-8959319-1033837;iasted_en#c-6174362-9247294;iasted_en#c-0579327-2823478;1.2472979830109208
confOf_de#c-4345951-5264002;iasted_en#c-7587641-3301519;iasted_en#c-0863620-0869812;1.1936487027889569
confOf_de#c-2683474-6183904;iasted_en#c-2396070-5020573;iasted_en#c-0579327-2823478;1.2053767454305417
confOf_de#c-1001355-3418487;iasted_en#c-6699217-8827140;iasted_en#c-9193120-6084737;0.5312779386428589
confOf_de#c-4532133-5374065;iasted_en#c-0999620-6234504;iasted_en#c-9193120-6084737;1.0559484890309854
confOf_de#c-1803256-3977939;iasted_en#c-5688901-6766233;iasted_en#c-0579327-2823478;0.9104946779988234
confOf_de#c-2463275-9197848;iasted_en#c-2297379-6540044;iasted_en#c-9193120-6084737;1.0828963396748938
