;target;prediction_target_1;metric_1
cmt_en#c-4062369-5383392;confOf_de#c-4439571-8274936;confOf_de#c-0977717-2950137;0.7866857440775108
cmt_en#c-9519178-7885109;confOf_de#c-2683474-6183904;confOf_de#c-8403504-7828299;1.1704962219293593
