;target;prediction_target_1;metric_1
conference_en#c-6525918-2089133;iasted_de#c-2379893-4624688;iasted_de#c-4015742-9338748;0.9093145284086984
conference_en#c-1481587-3387008;iasted_de#c-4122268-3045249;iasted_de#c-9964978-6784653;0.8917789383189327
conference_en#c-9453090-9458986;iasted_de#c-6062149-5112025;_:B7f2c263eX2D891fX2D4e54X2Db6a8X2D645c5c0cf242;1.0596794292564398
conference_en#c-0949358-2763718;iasted_de#c-6959391-5712840;iasted_de#c-2372932-6696619;1.037854141493263
conference_en#op-8498965-3154119;iasted_de#op-5817020-0959926;_:Bb5dd5ae8X2D7931X2D4c0cX2D8d63X2D2b5b0a0c8fcd;1.2484425455875576
conference_en#c-5623276-9536395;iasted_de#c-4201911-2867499;iasted_de#c-6456542-4680337;0.9384113405629385
conference_en#c-3417170-2349351;iasted_de#c-1912201-3885408;iasted_de#c-6456542-4680337;1.0227300322002708
conference_en#c-9312690-4124149;iasted_de#c-5379764-4238098;iasted_de#c-9964978-6784653;0.8804863875010659
