;target;prediction_target_1;metric_1
conference_en#c-4101654-3843816;iasted_de#c-4015742-9338748;iasted_de#c-4015742-9338748;0.4857735657255129
conference_en#c-0845815-7069476;iasted_de#c-4247837-9825706;iasted_de#c-4247837-9825706;0.33931080740260394
conference_en#c-0975007-5643450;iasted_de#c-6456542-4680337;iasted_de#c-6456542-4680337;0.5882815608730584
conference_en#c-9170184-4807203;iasted_de#c-1608626-3325967;iasted_de#c-2372932-6696619;0.8192441250145712
conference_en#c-2974852-3474918;iasted_de#c-9964978-6784653;iasted_de#c-9964978-6784653;0.3982167122423531
conference_en#c-9609595-3810460;iasted_de#c-2372932-6696619;iasted_de#c-2372932-6696619;0.2935886998692069
