;target;prediction_target_1;metric_1
conference_en#c-2974852-3474918;sigkdd_de#c-6469555-3746715;sigkdd_de#c-6140019-6453251;0.8061526502197074
conference_en#c-7121259-3662514;sigkdd_de#c-1052931-1641701;XMLSchema#dateTime;0.73938210944546
conference_en#c-9312690-4124149;sigkdd_de#c-6140019-6453251;sigkdd_de#c-6140019-6453251;0.12871761507587304
conference_en#op-0316178-5626069;sigkdd_de#op-0836929-5233701;sigkdd_de#op-0836929-5233701;0.16357554602992969
