;target;prediction_target_1;metric_1
conference_de#op-1806324-3972847;sigkdd_en#op-4778648-3039012;sigkdd_en#op-4778648-3039012;0.17644832121393422
conference_de#c-2852856-4092117;sigkdd_en#c-4834530-8825541;sigkdd_en#c-4834530-8825541;0.13881684392997864
conference_de#c-6508590-8109709;sigkdd_en#c-3661201-8652994;XMLSchema#dateTime;0.8807118480073538
conference_de#ent-5299945-7988874;sigkdd_en#ent-6795922-7675825;sigkdd_en#ent-6795922-7675825;0.767735533835503
conference_de#c-0369442-7501730;sigkdd_en#c-3705916-7930602;sigkdd_en#c-3705916-7930602;0.21053524270502003
conference_de#c-1521137-1761392;sigkdd_en#c-2288341-0956338;sigkdd_en#c-7357680-6909888;0.8626254277388793
conference_de#c-9625814-4995879;sigkdd_en#c-4956507-8354862;sigkdd_en#c-4956507-8354862;0.24096201711189416
