;target;prediction_target_1;metric_1
conference_de#c-6600254-2450629;sigkdd_en#c-7357680-6909888;sigkdd_en#c-3705916-7930602;0.7994232041867095
conference_de#c-3040625-6424461;sigkdd_en#c-4512427-8358882;sigkdd_en#c-4834530-8825541;0.8228964317159267
conference_de#c-8195847-6754106;sigkdd_en#c-5937062-8520809;sigkdd_en#c-4956507-8354862;0.9101261545816142
conference_de#c-5694210-3113803;sigkdd_en#c-5031073-5159430;sigkdd_en#c-3661201-8652994;0.9100918694422365
conference_de#c-7096317-3412127;sigkdd_en#c-3967774-8138616;sigkdd_en#ent-6795922-7675825;0.8111686681789102
conference_de#c-7521012-9493261;sigkdd_en#c-4448805-6156000;sigkdd_en#op-0893463-6791984;1.1345755675613527
conference_de#c-2807153-3693543;sigkdd_en#c-6792972-5439604;presented;1.0495921762022378
conference_de#op-6034483-9201945;sigkdd_en#op-5101248-3088535;sigkdd_en#op-4778648-3039012;0.36977255998553754
