;target;prediction_target_1;metric_1
cmt_en#c-6029021-0998116;iasted_de#c-9964978-6784653;iasted_de#c-4015742-9338748;1.1374425834452824
cmt_en#c-9519178-7885109;iasted_de#c-2379893-4624688;iasted_de#c-0966930-6725732;1.2079664038889295
