;target;prediction_target_1;metric_1
iasted_de#c-6062149-5112025;sigkdd_en#c-3967774-8138616;sigkdd_en#c-3967774-8138616;0.20049884133785015
iasted_de#c-1107430-2739895;sigkdd_en#c-6356419-4596819;sigkdd_en#c-6356419-4596819;0.2709273140457147
iasted_de#c-6456542-4680337;sigkdd_en#c-4834530-8825541;sigkdd_en#c-4834530-8825541;0.17096848600365358
iasted_de#c-2581999-3385666;sigkdd_en#c-9975477-9791635;sigkdd_en#c-7218530-9921151;0.5806813286328255
iasted_de#c-2379893-4624688;sigkdd_en#c-6792972-5439604;sigkdd_en#c-6792972-5439604;0.3372581634545488
