;target;prediction_target_1;metric_1
conference_de#c-8237344-7989230;confOf_en#c-8729640-0951717;confOf_en#c-8729640-0951717;0.17811090179218889
conference_de#ent-5299945-7988874;confOf_en#ent-4532930-2199897;confOf_en#ent-4532930-2199897;0.6998451422212484
conference_de#c-2807153-3693543;confOf_en#c-6922761-6569068;confOf_en#c-6922761-6569068;0.051986714682823704
conference_de#op-4737759-4638811;confOf_en#op-8030807-5984904;confOf_en#op-8030807-5984904;0.44883579673260343
conference_de#ent-3965541-6558239;confOf_en#ent-1716167-5904495;confOf_en#ent-1716167-5904495;0.6231880692932689
