;target;prediction_target_1;metric_1
iasted_de#c-9964978-6784653;sigkdd_en#c-3661201-8652994;organizing;1.0050893208035117
iasted_de#c-5119860-9323326;sigkdd_en#c-1350325-0780321;sigkdd_en#c-1350325-0780321;0.05986008824978408
iasted_de#c-3927158-8920929;sigkdd_en#c-7201186-4592712;sigkdd_en#c-7201186-4592712;0.40128463293515093
iasted_de#c-6456542-4680337;sigkdd_en#c-4834530-8825541;sigkdd_en#c-4834530-8825541;0.20618881539732103
iasted_de#c-2581999-3385666;sigkdd_en#c-9975477-9791635;sigkdd_en#c-9975477-9791635;0.6500080191569525
