;target;prediction_target_1;metric_1
cmt_de#c-7511748-5827387;confOf_en#c-3734266-2898610;confOf_en#c-3734266-2898610;0.42740953414251365
cmt_de#c-2600954-3812137;confOf_en#c-5904090-2937490;confOf_en#c-5904090-2937490;0.19897880433567516
cmt_de#op-9131907-0871491;confOf_en#op-6508666-4665772;confOf_en#op-6508666-4665772;0.28339619381573355
