;target;prediction_target_1;metric_1
cmt_de#c-2036030-6478102;iasted_en#c-4646685-6576496;_:B9ad7ba45X2D10e4X2D4561X2D81f3X2D542aea156bad;1.305710636676407
cmt_de#c-9804348-4921383;iasted_en#c-2396070-5020573;iasted_en#c-1801050-0460418;1.2131324264900951
cmt_de#c-5062955-9564132;iasted_en#c-2174181-3520068;iasted_en#c-7587641-3301519;1.1057256563789355
