;target;prediction_target_1;metric_1
cmt_en#op-2611597-4191733;confOf_de#op-1722644-5121501;confOf_de#op-0668174-3248392;0.7286500082150508
cmt_en#c-8066557-3199962;confOf_de#c-4973711-7358267;confOf_de#c-0977717-2950137;0.7599313569768419
cmt_en#c-4062369-5383392;confOf_de#c-4439571-8274936;confOf_de#c-0977717-2950137;0.721973998237754
cmt_en#ent-1648737-1451089;confOf_de#ent-7472904-1496645;confOf_de#c-8403504-7828299;0.9939717210006644
