;target;prediction_target_1;metric_1
cmt_en#c-3027646-3365825;sigkdd_de#c-9282764-4133286;sigkdd_de#c-1052931-1641701;0.9993415537892766
cmt_en#c-6029021-0998116;sigkdd_de#c-6469555-3746715;sigkdd_de#c-1975722-3062538;0.9361020978635567
cmt_en#c-6062733-3218604;sigkdd_de#c-3760592-8292146;sigkdd_de#c-5541011-4485740;0.6276188734435998
cmt_en#c-9519178-7885109;sigkdd_de#c-2769827-8195865;owl#Restriction;1.1815729839529556
