;target;prediction_target_1;metric_1
iasted_en#c-4646685-6576496;sigkdd_de#c-6469555-3746715;sigkdd_de#c-6469555-3746715;0.4176099600312888
iasted_en#c-3433144-4931823;sigkdd_de#c-5850113-5122819;sigkdd_de#c-5850113-5122819;0.19252831672190274
iasted_en#c-2396070-5020573;sigkdd_de#c-2769827-8195865;sigkdd_de#c-2769827-8195865;0.19826482785062866
iasted_en#c-3110153-2691987;sigkdd_de#c-7203961-8308851;sigkdd_de#c-7203961-8308851;0.21003191125330498
