;target;prediction_target_1;metric_1
confOf_de#ent-7472904-1496645;sigkdd_en#ent-6795922-7675825;sigkdd_en#ent-6795922-7675825;0.0676230621460998
confOf_de#c-8182861-6425712;sigkdd_en#c-5031073-5159430;sigkdd_en#c-5031073-5159430;0.13793003811887825
confOf_de#c-0977717-2950137;sigkdd_en#c-7287097-6354392;sigkdd_en#c-7287097-6354392;0.13761590434143908
