;target;prediction_target_1;metric_1
cmt_en#c-2074692-1147118;iasted_de#c-6456542-4680337;iasted_de#c-6456542-4680337;0.040664180929985444
cmt_en#c-6029021-0998116;iasted_de#c-9964978-6784653;iasted_de#c-9964978-6784653;0.22217534442133252
cmt_en#c-9519178-7885109;iasted_de#c-2379893-4624688;iasted_de#c-2379893-4624688;0.16416737767132372
