;target;prediction_target_1;metric_1
conference_en#c-0975007-5643450;sigkdd_de#c-6217268-0289211;sigkdd_de#c-6217268-0289211;0.0743072723804602
conference_en#c-9453090-9458986;sigkdd_de#c-9302905-7296086;sigkdd_de#c-9302905-7296086;0.3796962885191103
conference_en#c-5005169-5278256;sigkdd_de#c-4301546-5674434;sigkdd_de#c-4301546-5674434;0.5192360443032107
conference_en#c-6525918-2089133;sigkdd_de#c-2769827-8195865;sigkdd_de#c-2769827-8195865;0.15640072099156407
