;target;prediction_target_1;metric_1
confOf_de#c-8959319-1033837;iasted_en#c-6174362-9247294;iasted_en#c-5688901-6766233;1.226400984135669
confOf_de#c-4345951-5264002;iasted_en#c-7587641-3301519;iasted_en#c-5688901-6766233;1.2340835357039546
confOf_de#c-2683474-6183904;iasted_en#c-2396070-5020573;iasted_en#c-5688901-6766233;1.1964002483655856
confOf_de#c-1001355-3418487;iasted_en#c-6699217-8827140;_:Bfd166a2cX2Deb9eX2D4fc7X2Daf90X2Dbd0815b16dae;1.2406135463617662
confOf_de#c-4532133-5374065;iasted_en#c-0999620-6234504;iasted_en#c-2231352-6188872;1.293293719687063
confOf_de#c-1165971-3665910;iasted_en#c-9193120-6084737;iasted_en#c-9193120-6084737;1.2853683953142558
confOf_de#c-2463275-9197848;iasted_en#c-2297379-6540044;_:B92911ab2X2Dc769X2D492cX2D8d1aX2D3bb4225efd68;1.2812970402999606
