;target;prediction_target_1;metric_1
confOf_de#c-1803256-3977939;iasted_en#c-5688901-6766233;iasted_en#c-5688901-6766233;0.18655604129448689
confOf_de#c-0652717-7598825;iasted_en#c-0579327-2823478;iasted_en#c-0579327-2823478;0.16543430034458922
