;target;prediction_target_1;metric_1
cmt_de#c-7511748-5827387;confOf_en#c-3734266-2898610;confOf_en#c-4940510-7116222;0.7491005658727027
cmt_de#c-7606498-1774261;confOf_en#c-8897779-7605019;confOf_en#ent-3724946-8160347;0.8769750723847302
cmt_de#c-8082317-4346619;confOf_en#c-7155976-8510258;confOf_en#c-4940510-7116222;0.6403716147531827
cmt_de#ent-7525433-8535515;confOf_en#ent-4646280-6521925;confOf_en#op-8176347-7547891;0.3899568018314743
cmt_de#op-3382350-0510939;confOf_en#op-1921350-5090826;confOf_en#op-8176347-7547891;0.8249273962615747
cmt_de#ent-4152612-5306614;confOf_en#ent-4532930-2199897;confOf_en#c-4888780-4443103;1.0376295148233383
