;target;prediction_target_1;metric_1
confOf_en#c-4184138-3261067;iasted_de#c-9753371-0023373;iasted_de#c-9753371-0023373;0.1959850564921624
confOf_en#c-3734266-2898610;iasted_de#c-6456542-4680337;iasted_de#c-6456542-4680337;0.13616919234026656
confOf_en#c-6922761-6569068;iasted_de#c-2379893-4624688;iasted_de#c-2379893-4624688;0.20966789886798534
confOf_en#c-5851222-7607068;iasted_de#c-2903473-8446322;iasted_de#c-2903473-8446322;0.3321426646003403
confOf_en#c-9890668-1988204;iasted_de#c-6959391-5712840;iasted_de#c-6959391-5712840;0.26316578388751194
confOf_en#c-3748486-8385244;iasted_de#c-5666659-9715348;iasted_de#c-5666659-9715348;0.12007408914414483
