;target;prediction_target_1;metric_1
confOf_en#c-9180297-9494437;iasted_de#c-5921217-1214579;iasted_de#c-2903473-8446322;0.5719529922627888
confOf_en#c-5404723-6232359;iasted_de#c-2743144-1626551;iasted_de#c-2903473-8446322;0.9840347146196763
confOf_en#c-5948332-3267518;iasted_de#c-1251407-2550325;iasted_de#c-5666659-9715348;1.0234207645955797
