;target;prediction_target_1;metric_1
cmt_de#ent-4152612-5306614;conference_en#ent-4516568-5595755;conference_en#ent-4516568-5595755;0.36900163405330494
cmt_de#c-2036030-6478102;conference_en#c-2974852-3474918;conference_en#c-2974852-3474918;0.02134863856786033
