;target;prediction_target_1;metric_1
confOf_en#c-4184138-3261067;iasted_de#c-9753371-0023373;iasted_de#c-9753371-0023373;0.34414907266929073
confOf_en#c-3734266-2898610;iasted_de#c-6456542-4680337;iasted_de#c-6456542-4680337;0.30554521938834034
confOf_en#c-6922761-6569068;iasted_de#c-2379893-4624688;iasted_de#c-2379893-4624688;0.2721723697304754
confOf_en#c-9180297-9494437;iasted_de#c-5921217-1214579;iasted_de#c-5921217-1214579;0.45090422937592123
confOf_en#c-5404723-6232359;iasted_de#c-2743144-1626551;iasted_de#c-2743144-1626551;0.26502416956801694
confOf_en#c-5851222-7607068;iasted_de#c-2903473-8446322;iasted_de#c-2903473-8446322;0.4659617484324523
confOf_en#c-5948332-3267518;iasted_de#c-1251407-2550325;iasted_de#c-1251407-2550325;0.41903489266462784
confOf_en#c-9890668-1988204;iasted_de#c-6959391-5712840;iasted_de#c-6959391-5712840;0.4262822564565938
confOf_en#c-3748486-8385244;iasted_de#c-5666659-9715348;iasted_de#c-5666659-9715348;0.2587711644724847
