;target;prediction_target_1;metric_1
cmt_en#ent-1648737-1451089;conference_de#ent-5299945-7988874;_:Ba587eca8X2D358fX2D47d7X2D9684X2D225d39834352;0.8993554437638079
cmt_en#c-1819859-8467443;conference_de#c-1178842-2732173;conference_de#c-2852856-4092117;0.7242405707103934
cmt_en#c-8693270-2767092;conference_de#c-7521012-9493261;_:B0018c0b9X2D6a50X2D4b7eX2Db3fdX2D00ad97336b0b;1.1196213516315097
cmt_en#c-6029021-0998116;conference_de#c-6508590-8109709;conference_de#c-5035120-4059294;0.9740855974429761
cmt_en#c-3027646-3365825;conference_de#c-3560304-9366401;conference_de#c-5694210-3113803;0.45633032846334937
cmt_en#c-5375467-1655905;conference_de#c-8195847-6754106;conference_de#c-2807153-3693543;1.024132967305406
cmt_en#c-3969637-3563037;conference_de#c-4756237-0913680;_:Bff53b9a1X2D54fbX2D46b6X2D84aeX2D9752807876ad;1.0050652006604062
