;target;prediction_target_1;metric_1
cmt_en#c-0430420-0075813;conference_de#c-6600254-2450629;conference_de#c-1810344-8487780;0.34545444714445334
cmt_en#c-0430420-0075813;conference_de#c-1810344-8487780;conference_de#c-1810344-8487780;0.34545444714445334
cmt_en#c-1611583-0668331;conference_de#c-6828546-9901709;conference_de#c-6828546-9901709;0.20743002217948717
cmt_en#c-2074692-1147118;conference_de#c-2852856-4092117;conference_de#c-2852856-4092117;0.3076066594503402
cmt_en#c-3027646-3365825;conference_de#c-5694210-3113803;conference_de#c-5694210-3113803;0.45633032846334937
cmt_en#c-3387453-2881212;conference_de#c-7158328-5483937;conference_de#c-7158328-5483937;0.4971672511148519
cmt_en#c-9519178-7885109;conference_de#c-2807153-3693543;conference_de#c-2807153-3693543;0.38665586570992677
cmt_en#op-2798366-1946309;conference_de#op-4621167-8649272;conference_de#op-4621167-8649272;0.8487089425809792
cmt_en#op-8575895-0911006;conference_de#op-1945545-2946293;conference_de#op-9251692-2958376;0.8184063739941178
