;target;prediction_target_1;metric_1
confOf_de#c-4439571-8274936;sigkdd_en#c-4408098-5910124;sigkdd_en#c-4408098-5910124;0.23167426826948676
confOf_de#ent-7472904-1496645;sigkdd_en#ent-6795922-7675825;sigkdd_en#ent-6795922-7675825;0.17215282508966928
confOf_de#c-0553488-4726167;sigkdd_en#c-3705916-7930602;sigkdd_en#c-3705916-7930602;0.08402977639312378
