;target;prediction_target_1;metric_1
confOf_de#c-2683474-6183904;sigkdd_en#c-6792972-5439604;sigkdd_en#c-2971568-4653657;1.2972635261113308
confOf_de#c-4439571-8274936;sigkdd_en#c-4408098-5910124;sponzor;1.3404337728430316
confOf_de#ent-7472904-1496645;sigkdd_en#ent-6795922-7675825;sigkdd_en#c-4834530-8825541;1.3261125913591372
confOf_de#c-4345951-5264002;sigkdd_en#c-4834530-8825541;rdf-schema#label;1.3259664638232245
confOf_de#c-8182861-6425712;sigkdd_en#c-5031073-5159430;sigkdd_en#op-5788630-0787234;1.3260560829575685
confOf_de#c-0977717-2950137;sigkdd_en#c-7287097-6354392;sigkdd_en#c-0410372-0876754;1.255655977701166
confOf_de#c-0553488-4726167;sigkdd_en#c-3705916-7930602;sigkdd_en#c-3661201-8652994;1.2680906305812498
