;target;prediction_target_1;metric_1
conference_de#c-2807153-3693543;iasted_en#c-2396070-5020573;iasted_en#c-2396070-5020573;0.17470769344804019
conference_de#c-6041715-6986615;iasted_en#c-1873801-1221522;iasted_en#c-1873801-1221522;0.21169254932726816
conference_de#op-5642484-4870984;iasted_en#op-1301961-3228494;iasted_en#op-1301961-3228494;0.4912973214034693
conference_de#c-6508590-8109709;iasted_en#c-4646685-6576496;iasted_en#c-4646685-6576496;0.4350025935061566
