;target;prediction_target_1;metric_1
cmt_en#c-2074692-1147118;iasted_de#c-6456542-4680337;iasted_de#c-6456542-4680337;0.05434073952204902
cmt_en#c-6029021-0998116;iasted_de#c-9964978-6784653;iasted_de#c-9964978-6784653;0.41465014741802575
cmt_en#c-9519178-7885109;iasted_de#c-2379893-4624688;iasted_de#c-2379893-4624688;0.192475305284584
cmt_en#c-8707801-9291338;iasted_de#c-4015742-9338748;iasted_de#c-4015742-9338748;0.25639040066338054
