;target;prediction_target_1;metric_1
conference_en#c-5450625-9274279;confOf_de#c-2472530-7442299;confOf_de#c-4345951-5264002;0.9779835925964102
conference_en#c-2446635-7449628;confOf_de#c-8403504-7828299;_:Bae2391f5X2Da99dX2D43d5X2D9edcX2D2b5de77f24a2;1.1633658272861642
conference_en#c-8376732-6542959;confOf_de#c-7620981-0130792;confOf_de#c-2463275-9197848;0.8853817814470124
conference_en#c-6525918-2089133;confOf_de#c-2683474-6183904;confOf_de#c-8182861-6425712;0.9569339861940201
conference_en#ent-9588809-0668690;confOf_de#ent-9875824-2357826;confOf_de#ent-0303881-5975791;0.7422053786242918
