;target;prediction_target_1;metric_1
confOf_en#c-4184138-3261067;iasted_de#c-9753371-0023373;_:B1fbdf517X2D5341X2D4a57X2Db573X2D81452f04c61c;1.3031337280628656
confOf_en#c-6922761-6569068;iasted_de#c-2379893-4624688;iasted_de#c-6456542-4680337;1.2778951727937347
confOf_en#c-5404723-6232359;iasted_de#c-2743144-1626551;iasted_de#c-5921217-1214579;0.9879088248025851
confOf_en#c-5948332-3267518;iasted_de#c-1251407-2550325;iasted_de#c-4988226-0381774;1.2865280928885752
confOf_en#c-9890668-1988204;iasted_de#c-6959391-5712840;iasted_de#c-2903473-8446322;0.9453821172876951
confOf_en#c-3748486-8385244;iasted_de#c-5666659-9715348;_:Bff48defcX2D1425X2D42efX2D95b2X2D94e681131bdf;1.2467534326720613
