;target;prediction_target_1;metric_1
iasted_de#c-9964978-6784653;sigkdd_en#c-3661201-8652994;sigkdd_en#c-3661201-8652994;0.9689857721892208
iasted_de#c-1107430-2739895;sigkdd_en#c-6356419-4596819;sigkdd_en#c-6356419-4596819;0.3218575084442997
iasted_de#c-5119860-9323326;sigkdd_en#c-1350325-0780321;sigkdd_en#c-1350325-0780321;0.12629938163375148
iasted_de#c-6456542-4680337;sigkdd_en#c-4834530-8825541;sigkdd_en#c-4834530-8825541;0.12260121434094763
iasted_de#c-4201911-2867499;sigkdd_en#c-1214605-4064522;sigkdd_en#c-1214605-4064522;0.2704331463373052
iasted_de#c-2581999-3385666;sigkdd_en#c-9975477-9791635;sigkdd_en#c-9975477-9791635;0.864591796720892
iasted_de#c-2379893-4624688;sigkdd_en#c-6792972-5439604;sigkdd_en#c-6792972-5439604;0.36621810694979884
iasted_de#c-4423435-9668662;sigkdd_en#c-4561947-0725440;sigkdd_en#c-4561947-0725440;0.3368509298845639
