;target;prediction_target_1;metric_1
iasted_de#c-0797283-7567336;sigkdd_en#c-1144746-3205183;sigkdd_en#c-9975477-9791635;1.129606673918493
iasted_de#c-8671213-0734462;sigkdd_en#c-3800373-8198658;sigkdd_en#c-6356419-4596819;1.1144809523619148
iasted_de#c-6062149-5112025;sigkdd_en#c-3967774-8138616;sigkdd_en#c-6356419-4596819;1.075116942516406
iasted_de#c-3927158-8920929;sigkdd_en#c-7201186-4592712;sigkdd_en#c-4561947-0725440;0.847067681290037
iasted_de#c-5938213-2144206;sigkdd_en#c-4402529-2023643;sigkdd_en#c-8811480-5015529;1.0880613787355844
iasted_de#c-8935754-6759043;sigkdd_en#c-9932783-9574589;sigkdd_en#c-9975477-9791635;1.0607368135743183
iasted_de#c-1912201-3885408;sigkdd_en#c-8570424-4038182;sigkdd_en#c-4512427-8358882;1.050721635831234
