;target;prediction_target_1;metric_1
confOf_en#c-3734266-2898610;iasted_de#c-6456542-4680337;_:Bfaaf8935X2Dd946X2D4f21X2Db456X2D250747d78c7d;1.2345383605523605
confOf_en#c-5851222-7607068;iasted_de#c-2903473-8446322;iasted_de#c-5921217-1214579;0.6636694565032145
