;target;prediction_target_1;metric_1
iasted_en#c-3616860-0256541;sigkdd_de#c-1670757-7005751;author;1.2273566334357138
iasted_en#c-4646685-6576496;sigkdd_de#c-6469555-3746715;sigkdd_de#c-6217268-0289211;1.1521566439180064
iasted_en#c-8889798-1079873;sigkdd_de#c-7808089-4928984;sigkdd_de#c-5850113-5122819;0.9161265616431122
iasted_en#c-7464317-0926432;sigkdd_de#c-9302905-7296086;sigkdd_de#c-5850113-5122819;1.169327793987648
iasted_en#c-9595802-8962494;sigkdd_de#c-3867058-2838516;sigkdd_de#c-0094164-6634357;1.1646063493270684
iasted_en#c-3390147-9518013;sigkdd_de#c-7753839-9560987;eingereicht;1.1232206311043058
iasted_en#c-3110153-2691987;sigkdd_de#c-7203961-8308851;sigkdd_de#c-5524974-3116937;0.9004555983825328
iasted_en#c-4700670-6960019;sigkdd_de#c-4711434-5769445;sigkdd_de#c-9038315-6127488;1.0146854225130884
