;target;prediction_target_1;metric_1
iasted_en#c-9677685-8341994;sigkdd_de#c-3477390-2381487;sigkdd_de#c-3477390-2381487;0.11728665076552051
iasted_en#c-0409829-5411561;sigkdd_de#c-5524974-3116937;sigkdd_de#c-5524974-3116937;0.3346465099655176
iasted_en#c-3433144-4931823;sigkdd_de#c-5850113-5122819;sigkdd_de#c-5850113-5122819;0.7179880786869417
iasted_en#c-7587641-3301519;sigkdd_de#c-6217268-0289211;sigkdd_de#c-6217268-0289211;0.1933321094214882
iasted_en#c-3686523-4526492;sigkdd_de#c-9038315-6127488;sigkdd_de#c-9038315-6127488;0.295755318759179
iasted_en#c-0995110-2084431;sigkdd_de#c-7783492-1910067;sigkdd_de#c-3777294-9496881;0.9191937368512764
iasted_en#c-2396070-5020573;sigkdd_de#c-2769827-8195865;sigkdd_de#c-2769827-8195865;0.18558815839579323
